r2,n,eps,ratio_pooled,ci_lo,ci_hi,median_run_ratio,frac_runs_bc_better,ridge_active
0.5,100,0.5,0.99406,0.993262,0.99491,0.994646,0.805,True
0.5,100,1,0.994341,0.993487,0.9952,0.995174,0.765,True
0.5,100,2,0.994788,0.993914,0.995636,0.995452,0.765,True
0.5,100,4,0.99645,0.995577,0.997366,0.99773,0.695,True
0.5,100,8,0.998993,0.998018,0.999983,0.999879,0.51,True
0.5,250,0.5,0.994815,0.99398,0.995673,0.995838,0.77,True
0.5,250,1,0.996347,0.995521,0.99719,0.997169,0.685,True
0.5,250,2,0.997585,0.996763,0.998412,0.998078,0.64,True
0.5,250,4,1.00067,0.999783,1.00152,1.00116,0.385,True
0.5,250,8,1.00617,1.00503,1.00734,1.0078,0.125,True
0.5,500,0.5,0.996666,0.99589,0.997455,0.997286,0.69,True
0.5,500,1,0.998652,0.997743,0.999529,0.998969,0.555,True
0.5,500,2,1.00291,1.00206,1.00376,1.00335,0.24,True
0.5,500,4,1.00756,1.00672,1.00844,1.00809,0.08,True
0.5,500,8,1.01521,1.01394,1.01642,1.01591,0.01,True
0.5,1000,0.5,0.99844,0.997623,0.999337,0.998976,0.555,True
0.5,1000,1,1.00258,1.0017,1.0034,1.00345,0.265,True
0.5,1000,2,1.00864,1.00761,1.00972,1.00988,0.105,True
0.5,1000,4,1.01689,1.01553,1.01828,1.01887,0.025,True
0.5,1000,8,1.01712,1.01427,1.01998,1.02287,0.17,True
0.5,2500,0.5,1.006,1.00503,1.00709,1.00634,0.12,True
0.5,2500,1,1.01232,1.01126,1.01337,1.01354,0.025,True
0.5,2500,2,1.02117,1.0195,1.02275,1.02365,0.03,True
0.5,2500,4,0.969432,0.964159,0.97536,0.973469,0.71,True
0.5,2500,8,0.991113,0.988597,0.993676,0.99182,0.62,False
0.5,5000,0.5,1.01352,1.01243,1.01463,1.01468,0.015,True
0.5,5000,1,1.02405,1.02236,1.02581,1.02634,0.015,True
0.5,5000,2,0.970973,0.965539,0.976651,0.9758,0.7,False
0.5,5000,4,0.990687,0.988144,0.993243,0.993721,0.615,False
0.5,5000,8,0.998694,0.997547,0.999809,1.00027,0.49,False
0.5,10000,0.5,1.02255,1.02015,1.02485,1.02691,0.065,True
0.5,10000,1,0.982984,0.97808,0.988386,0.989634,0.6,False
0.5,10000,2,0.996306,0.994085,0.998733,0.999071,0.525,False
0.5,10000,4,0.997721,0.99665,0.998896,0.9982,0.585,False
0.5,10000,8,0.999712,0.999199,1.00022,0.999747,0.52,False
0.5,25000,0.5,0.987398,0.983233,0.99139,0.991179,0.63,False
0.5,25000,1,0.997017,0.99533,0.998713,0.998304,0.565,False
0.5,25000,2,0.999639,0.998738,1.00059,0.999666,0.525,False
0.5,25000,4,0.999951,0.99959,1.00035,1.00013,0.495,False
0.5,25000,8,1.00002,0.999887,1.00015,1.00003,0.49,False
0.5,50000,0.5,0.996653,0.994907,0.998288,0.996031,0.585,False
0.5,50000,1,0.999437,0.998535,1.00037,0.999403,0.535,False
0.5,50000,2,1.0002,0.999818,1.00057,1.00026,0.475,False
0.5,50000,4,1.00012,0.999983,1.00025,1.00015,0.46,False
0.5,50000,8,1.00005,1,1.00009,1.00005,0.44,False
0.5,100000,0.5,0.999917,0.999109,1.00071,1.00043,0.49,False
0.5,100000,1,0.999695,0.99932,1.00009,0.999663,0.55,False
0.5,100000,2,1.00007,0.999924,1.00022,1.00016,0.46,False
0.5,100000,4,1.00001,0.999956,1.00006,1.00001,0.485,False
0.5,100000,8,1.00002,1,1.00003,1.00001,0.46,False
