r2,n,eps,method,rmse_median,rmse_p025,rmse_p975,rmse_mean,rmse_mean_ci_lo,rmse_mean_ci_hi,rmse_pooled,rmse_pooled_ci_lo,rmse_pooled_ci_hi,rmse_clip_target_pooled,intercept_rmse,intercept_bias,coverage_mean_slopes,coverage_min_slope,se_invalid_frac,lambda,ridge_active,rho_hat_median,rho_hat_p025,rho_clean_median,gate_withhold_frac,ratio_to_ols_median,ratio_to_ols_pooled
0.3,100,,ols,0.0883071,0.0496029,0.133584,0.090243,0.0871696,0.0931931,0.0929217,0.0897175,0.095947,0.0929358,0.0825482,-0.00156736,0.9625,0.945,0,,,,,,,,
0.3,100,,ols_unclipped,0.0886924,0.0497449,0.134021,0.0904108,0.0873573,0.093438,0.0931798,0.0899455,0.0962489,0.0932063,0.0825379,-0.00252495,,,,,,,,,,,
0.3,100,0.5,vfl_bc,0.202925,0.161109,0.243329,0.202051,0.198679,0.20519,0.203397,0.200076,0.2066,0.203415,0.0664012,-0.00641328,0.523,0.02,0,7961.5,True,1.26401,1.04334,1.99695,0.01,2.29795,2.18891
0.3,100,0.5,vfl_uncorrected,0.204895,0.159755,0.250856,0.203959,0.200395,0.20739,0.205484,0.201867,0.20897,0.205503,0.069386,-0.00673704,0.523,0.02,0,7961.5,True,1.26401,1.04334,1.99695,0.01,2.32026,2.21137
0.3,100,1,vfl_bc,0.199075,0.162491,0.241866,0.200812,0.197927,0.203813,0.20203,0.199108,0.204985,0.202015,0.0708094,0.00114963,0.511,0.005,0,4200.67,True,1.28189,0.970322,1.99425,0.05,2.25435,2.1742
0.3,100,1,vfl_uncorrected,0.200324,0.162018,0.246321,0.202648,0.199597,0.205855,0.20404,0.200888,0.207217,0.204025,0.0740874,0.000971306,0.5085,0.005,0,4200.67,True,1.28189,0.970322,1.99425,0.05,2.26849,2.19583
0.3,100,2,vfl_bc,0.196045,0.148786,0.241958,0.197397,0.194257,0.200373,0.198598,0.195506,0.201584,0.198607,0.0798028,-0.00489626,0.5155,0.01,0,2222.03,True,1.29412,1.05827,1.98924,0.01,2.22003,2.13726
0.3,100,2,vfl_uncorrected,0.19737,0.14743,0.246943,0.199033,0.195751,0.202177,0.200361,0.197115,0.203515,0.20037,0.0834288,-0.00518515,0.517,0.01,0,2222.03,True,1.29412,1.05827,1.98924,0.01,2.23504,2.15623
0.3,100,4,vfl_bc,0.190575,0.148914,0.230695,0.190511,0.18757,0.193188,0.191609,0.188742,0.194299,0.191596,0.0769471,0.002753,0.5365,0.01,0,1182.3,True,1.32749,1.05292,1.98016,0.02,2.15809,2.06205
0.3,100,4,vfl_uncorrected,0.191766,0.147636,0.233456,0.191699,0.18858,0.194535,0.192919,0.189915,0.195769,0.192905,0.0800801,0.00260653,0.536,0.015,0,1182.3,True,1.32749,1.05292,1.98016,0.02,2.17158,2.07615
0.3,100,8,vfl_bc,0.181663,0.140441,0.225045,0.182243,0.178966,0.185381,0.183721,0.180481,0.186862,0.183705,0.0709312,0.000255531,0.545,0.01,0,634.41,True,1.35742,1.08947,1.96426,0,2.05718,1.97715
0.3,100,8,vfl_uncorrected,0.182716,0.139107,0.2274,0.182786,0.179311,0.18613,0.184418,0.180978,0.187711,0.184402,0.0736164,0.000221479,0.5445,0.02,0,634.41,True,1.35742,1.08947,1.96426,0,2.06909,1.98466
0.3,250,,ols,0.0535091,0.0300575,0.0822175,0.0548424,0.0528499,0.0567585,0.0566097,0.0545717,0.0585372,0.0565703,0.0500692,-0.000278167,0.953,0.935,0,,,,,,,,
0.3,250,,ols_unclipped,0.0534946,0.0299994,0.0818204,0.0548654,0.0528338,0.0567525,0.0566582,0.0545893,0.0585847,0.0566389,0.0502571,-0.00153072,,,,,,,,,,,
0.3,250,0.5,vfl_bc,0.198553,0.151626,0.246052,0.198539,0.195446,0.201791,0.199955,0.196845,0.203205,0.199963,0.0768695,0.00170063,0.514,0,0,7887.41,True,1.27626,1.04703,1.9997,0.01,3.71064,3.53217
0.3,250,0.5,vfl_uncorrected,0.199773,0.150856,0.249953,0.200137,0.196844,0.203588,0.201727,0.198429,0.205179,0.201735,0.080221,0.00171568,0.5135,0.005,0,7887.41,True,1.27626,1.04703,1.9997,0.01,3.73343,3.56348
0.3,250,1,vfl_bc,0.189847,0.147684,0.2364,0.192421,0.189252,0.195797,0.193824,0.190619,0.197123,0.193833,0.0672881,-0.0027886,0.537,0.005,0,4126.58,True,1.30095,1.04322,1.99943,0.01,3.54794,3.42387
0.3,250,1,vfl_uncorrected,0.191053,0.149238,0.239446,0.193776,0.190376,0.197307,0.195334,0.19192,0.198865,0.195344,0.0700879,-0.00311058,0.538,0.005,0,4126.58,True,1.30095,1.04322,1.99943,0.01,3.57048,3.45055
0.3,250,2,vfl_bc,0.189268,0.149827,0.233906,0.190725,0.187653,0.193709,0.191938,0.188809,0.194931,0.191924,0.0720967,0.000752788,0.527,0.005,0,2147.94,True,1.32414,1.09462,1.99893,0,3.53712,3.39056
0.3,250,2,vfl_uncorrected,0.190153,0.14816,0.238375,0.191813,0.188559,0.195011,0.193169,0.189912,0.196387,0.193153,0.0751036,0.000717521,0.5265,0.01,0,2147.94,True,1.32414,1.09462,1.99893,0,3.55366,3.41229
0.3,250,4,vfl_bc,0.172707,0.131199,0.217138,0.173665,0.170721,0.176775,0.175041,0.172107,0.178097,0.175031,0.0675647,0.00120967,0.5565,0.035,0,1108.22,True,1.41168,1.1657,1.99803,0.005,3.22762,3.09206
0.3,250,4,vfl_uncorrected,0.172756,0.129688,0.2198,0.17386,0.170739,0.177093,0.175381,0.172258,0.178583,0.17537,0.069935,0.00125248,0.5595,0.04,0,1108.22,True,1.41168,1.1657,1.99803,0.005,3.22854,3.09807
0.3,250,8,vfl_bc,0.157687,0.118923,0.198054,0.15914,0.156135,0.16212,0.160702,0.157711,0.163688,0.160684,0.072625,-0.00209374,0.5755,0.055,0,560.324,True,1.52713,1.26194,1.99645,0,2.94693,2.83877
0.3,250,8,vfl_uncorrected,0.15773,0.116817,0.200417,0.158903,0.155791,0.162023,0.160602,0.157476,0.163752,0.160581,0.0750061,-0.00209466,0.5755,0.055,0,560.324,True,1.52713,1.26194,1.99645,0,2.94773,2.837
0.3,500,,ols,0.039172,0.022434,0.0570417,0.0390981,0.0378474,0.0403178,0.0401389,0.0388399,0.0414159,0.0401036,0.0367213,-0.000154445,0.9485,0.935,0,,,,,,,,
0.3,500,,ols_unclipped,0.0391213,0.0224092,0.0566208,0.0391573,0.0378997,0.040376,0.0401756,0.0388693,0.0414745,0.0401772,0.0367365,-0.0016289,,,,,,,,,,,
0.3,500,0.5,vfl_bc,0.195441,0.1494,0.238271,0.194462,0.191148,0.197843,0.196031,0.192673,0.199488,0.19603,0.0762018,-9.81876e-05,0.5295,0.005,0,7763.94,True,1.30196,1.03921,2.00433,0.01,4.98931,4.88382
0.3,500,0.5,vfl_uncorrected,0.196988,0.148366,0.24184,0.195902,0.192358,0.199518,0.197671,0.194132,0.201406,0.197669,0.0797489,-6.06987e-05,0.529,0.005,0,7763.94,True,1.30196,1.03921,2.00433,0.01,5.0288,4.92468
0.3,500,1,vfl_bc,0.184018,0.149127,0.22717,0.185513,0.182545,0.188336,0.186668,0.183656,0.189549,0.186631,0.0756916,0.00444728,0.5365,0.01,0,4003.11,True,1.35882,1.09252,2.00817,0,4.6977,4.65055
0.3,500,1,vfl_uncorrected,0.184771,0.147372,0.230211,0.186262,0.183141,0.189224,0.187531,0.18438,0.190574,0.187492,0.0787889,0.00452281,0.539,0.01,0,4003.11,True,1.35882,1.09252,2.00817,0,4.71692,4.67207
0.3,500,2,vfl_bc,0.169215,0.129516,0.217073,0.169129,0.165904,0.172321,0.170729,0.167486,0.173894,0.170708,0.0716546,0.00590904,0.5665,0.02,0,2024.46,True,1.40993,1.20623,2.01528,0,4.3198,4.25345
0.3,500,2,vfl_uncorrected,0.169056,0.127605,0.219893,0.169243,0.165868,0.172593,0.171002,0.167588,0.174315,0.17098,0.0743197,0.00625792,0.5695,0.03,0,2024.46,True,1.40993,1.20623,2.01528,0,4.31574,4.26026
0.3,500,4,vfl_bc,0.15095,0.113806,0.189932,0.151504,0.148648,0.154452,0.152893,0.150087,0.155787,0.152878,0.0668157,0.00532543,0.5815,0.045,0,984.741,True,1.53692,1.30804,2.02818,0,3.85353,3.8091
0.3,500,4,vfl_uncorrected,0.150342,0.111976,0.190811,0.15092,0.147961,0.153956,0.152431,0.149494,0.155446,0.152414,0.0687502,0.00557695,0.59,0.06,0,984.741,True,1.53692,1.30804,2.02818,0,3.838,3.7976
0.3,500,8,vfl_bc,0.117035,0.081926,0.155982,0.117049,0.114401,0.119828,0.118667,0.116071,0.121497,0.11864,0.0595587,0.00250265,0.6985,0.215,0,436.847,True,1.67542,1.37434,2.05076,0,2.98771,2.95642
0.3,500,8,vfl_uncorrected,0.1156,0.0794299,0.155689,0.115809,0.113132,0.118709,0.117534,0.114897,0.120464,0.117503,0.0610306,0.00261698,0.7035,0.245,0,436.847,True,1.67542,1.37434,2.05076,0,2.95108,2.92819
0.3,1000,,ols,0.0279178,0.0171814,0.0411802,0.02788,0.0269759,0.0287766,0.0286241,0.0276615,0.029585,0.0286527,0.0246105,0.00015337,0.948,0.93,0,,,,,,,,
0.3,1000,,ols_unclipped,0.0273755,0.0174736,0.0407983,0.0277076,0.0268119,0.0285922,0.028462,0.0275058,0.0294303,0.0285366,0.0246536,-0.00118582,,,,,,,,,,,
0.3,1000,0.5,vfl_bc,0.183956,0.145114,0.223999,0.184431,0.181492,0.187306,0.185595,0.182602,0.188464,0.185595,0.0766976,0.00219142,0.5335,0.015,0,7516.98,True,1.37197,1.13041,2.01669,0,6.5892,6.48388
0.3,1000,0.5,vfl_uncorrected,0.18425,0.144589,0.225758,0.185265,0.182175,0.188321,0.186551,0.183395,0.18958,0.18655,0.0797827,0.00222692,0.534,0.015,0,7516.98,True,1.37197,1.13041,2.01669,0,6.59972,6.51728
0.3,1000,1,vfl_bc,0.172148,0.130954,0.212968,0.171771,0.168716,0.174668,0.173067,0.170087,0.176004,0.173019,0.0636782,-0.00461842,0.554,0.015,0,3756.15,True,1.45126,1.17804,2.03147,0,6.16624,6.04619
0.3,1000,1,vfl_uncorrected,0.172198,0.129263,0.214505,0.171894,0.168706,0.174959,0.173309,0.170195,0.176356,0.173257,0.065886,-0.00468584,0.5605,0.025,0,3756.15,True,1.45126,1.17804,2.03147,0,6.16803,6.05464
0.3,1000,2,vfl_bc,0.146144,0.104118,0.184444,0.146432,0.14348,0.149386,0.147975,0.145048,0.150877,0.147948,0.0611498,0.00339118,0.601,0.04,0,1777.51,True,1.55713,1.26886,2.05888,0,5.2348,5.16959
0.3,1000,2,vfl_uncorrected,0.144973,0.102433,0.185004,0.145717,0.14262,0.148822,0.147406,0.144368,0.150449,0.147376,0.0630573,0.00355842,0.603,0.05,0,1777.51,True,1.55713,1.26886,2.05888,0,5.19286,5.14971
0.3,1000,4,vfl_bc,0.108132,0.0706111,0.14486,0.107845,0.105126,0.110458,0.109642,0.107037,0.112213,0.109613,0.0556211,0.00395248,0.7215,0.26,0,737.787,True,1.71404,1.48215,2.10858,0,3.87323,3.83041
0.3,1000,4,vfl_uncorrected,0.107139,0.0689362,0.144176,0.106412,0.103644,0.10912,0.108332,0.105646,0.110987,0.1083,0.0569711,0.00407366,0.735,0.305,0,737.787,True,1.71404,1.48215,2.10858,0,3.83766,3.78466
0.3,1000,8,vfl_bc,0.0706393,0.0374713,0.104993,0.0700938,0.0678033,0.0723093,0.0719642,0.0696519,0.0741938,0.0719535,0.0509242,-0.00259526,0.9035,0.805,0,189.892,True,1.92014,1.54699,2.19558,0,2.53026,2.51411
0.3,1000,8,vfl_uncorrected,0.0701724,0.0381562,0.104003,0.0697691,0.0674794,0.072003,0.0716766,0.0692906,0.073903,0.071661,0.0518068,-0.00262211,0.9035,0.815,0,189.892,True,1.92014,1.54699,2.19558,0,2.51354,2.50406
0.3,2500,,ols,0.0168475,0.00959229,0.0272785,0.0172161,0.0166133,0.0178287,0.0177655,0.0171174,0.0184175,0.0177802,0.016265,0.00111672,0.9525,0.92,0,,,,,,,,
0.3,2500,,ols_unclipped,0.0169977,0.00980409,0.0258334,0.0171668,0.0165537,0.0177942,0.017719,0.0170792,0.0183804,0.0178085,0.0163411,-0.000251967,,,,,,,,,,,
0.3,2500,0.5,vfl_bc,0.161768,0.118807,0.202467,0.161497,0.158917,0.164253,0.16271,0.160131,0.165465,0.162678,0.0623247,0.000156493,0.5655,0.01,0,6776.12,True,1.48992,1.23719,2.05603,0,9.60188,9.15878
0.3,2500,0.5,vfl_uncorrected,0.161194,0.116687,0.203723,0.161321,0.158596,0.164218,0.16265,0.159915,0.165531,0.162615,0.0644125,0.000243229,0.5745,0.025,0,6776.12,True,1.48992,1.23719,2.05603,0,9.56782,9.15539
0.3,2500,1,vfl_bc,0.1316,0.0816103,0.16835,0.130263,0.127231,0.133159,0.132051,0.129145,0.134859,0.132022,0.0658241,-0.000445189,0.634,0.115,0,3015.29,True,1.64245,1.42245,2.10561,0,7.81126,7.43297
0.3,2500,1,vfl_uncorrected,0.130606,0.078909,0.168689,0.129148,0.126015,0.132132,0.131075,0.128095,0.133986,0.131043,0.0677686,-0.000521479,0.6415,0.14,0,3015.29,True,1.64245,1.42245,2.10561,0,7.75226,7.37804
0.3,2500,2,vfl_bc,0.0871023,0.053948,0.122532,0.0869284,0.0845381,0.0892793,0.0887439,0.0862888,0.0911487,0.0887235,0.0506371,-0.0049513,0.8145,0.505,0,1036.65,True,1.83827,1.54214,2.19761,0,5.17005,4.99529
0.3,2500,2,vfl_uncorrected,0.0855979,0.0528943,0.121892,0.0856755,0.0832621,0.0881011,0.0875709,0.0850918,0.0900216,0.0875465,0.0516796,-0.00500824,0.826,0.54,0,1036.65,True,1.83827,1.54214,2.19761,0,5.08075,4.92926
0.3,2500,4,vfl_bc,0.0496603,0.033892,0.0834011,0.051992,0.0502076,0.0538214,0.0535969,0.0516515,0.0555447,0.0536508,0.0445487,0.000344553,0.961,0.935,0,0,False,2.10987,1.83499,2.36942,0,2.94764,3.01691
0.3,2500,4,vfl_uncorrected,0.0509965,0.0336738,0.0847701,0.0532327,0.0514216,0.0551229,0.0549034,0.052892,0.0569288,0.0549508,0.0451749,0.000382793,0.959,0.935,0,0,False,2.10987,1.83499,2.36942,0,3.02695,3.09045
0.3,2500,8,vfl_bc,0.0314149,0.0171539,0.0480872,0.0315391,0.0304237,0.0326587,0.0325436,0.0314277,0.0336908,0.0325833,0.0281796,0.000190334,0.963,0.955,0,0,False,4.12562,3.74097,4.26792,0,1.86467,1.83184
0.3,2500,8,vfl_uncorrected,0.0315078,0.0176455,0.0479151,0.0317614,0.0306459,0.0328959,0.0327763,0.0316576,0.0339403,0.0328128,0.0282907,0.000216831,0.9595,0.945,0,0,False,4.12562,3.74097,4.26792,0,1.87018,1.84494
0.3,5000,,ols,0.0111085,0.00711036,0.0178125,0.011634,0.0112392,0.0120424,0.0119878,0.0115589,0.0124331,0.0119815,0.0116374,0.000910767,0.957,0.94,0,,,,,,,,
0.3,5000,,ols_unclipped,0.0111086,0.00699815,0.0177102,0.011558,0.0111627,0.0119707,0.0119056,0.0114828,0.0123503,0.0120113,0.0116849,-0.000450841,,,,,,,,,,,
0.3,5000,0.5,vfl_bc,0.128482,0.0841688,0.163081,0.126339,0.12347,0.129191,0.128011,0.125231,0.130792,0.127977,0.0596135,0.00312832,0.6515,0.125,0,5541.35,True,1.66374,1.42281,2.11914,0,11.5661,10.6785
0.3,5000,0.5,vfl_uncorrected,0.1273,0.0812978,0.163258,0.125074,0.12214,0.128052,0.126876,0.123995,0.129795,0.126838,0.0610849,0.0031583,0.663,0.155,0,5541.35,True,1.66374,1.42281,2.11914,0,11.4597,10.5838
0.3,5000,1,vfl_bc,0.0820828,0.0526865,0.114365,0.0818369,0.079434,0.0842739,0.0836394,0.081228,0.0860626,0.0836267,0.0481908,8.47135e-05,0.8245,0.595,0,1780.52,True,1.86569,1.5605,2.22456,0,7.38918,6.97707
0.3,5000,1,vfl_uncorrected,0.0807007,0.0504687,0.114278,0.0807096,0.0782883,0.083162,0.0825974,0.080125,0.0850665,0.0825801,0.0490896,0.000131413,0.8345,0.63,0,1780.52,True,1.86569,1.5605,2.22456,0,7.26476,6.89014
0.3,5000,2,vfl_bc,0.044862,0.0244068,0.0750914,0.0458168,0.0440521,0.0475644,0.0474379,0.0455621,0.0492489,0.0474558,0.0358363,0.000256294,0.966,0.955,0,0,False,2.34376,2.01026,2.59462,0,4.03852,3.9572
0.3,5000,2,vfl_uncorrected,0.0462295,0.0246833,0.0778643,0.0470307,0.0452173,0.0488144,0.0487739,0.0467856,0.0507011,0.0487845,0.0362621,0.000381004,0.9645,0.955,0,0,False,2.34376,2.01026,2.59462,0,4.16163,4.06865
0.3,5000,4,vfl_bc,0.0265808,0.0158578,0.0442346,0.0278074,0.0267963,0.0288294,0.0287511,0.0276515,0.0298293,0.0287464,0.0226948,0.00054543,0.949,0.925,0,0,False,4.63413,4.31485,4.78484,0,2.39284,2.39837
0.3,5000,4,vfl_uncorrected,0.0268515,0.0162371,0.0447656,0.027988,0.0269669,0.0290174,0.0289398,0.027834,0.0300247,0.0289321,0.0227659,0.00055967,0.9435,0.915,0,0,False,4.63413,4.31485,4.78484,0,2.4172,2.41411
0.3,5000,8,vfl_bc,0.0184028,0.00971701,0.0289452,0.018264,0.017601,0.01897,0.0189133,0.0182188,0.0196427,0.0188568,0.0154136,0.00192227,0.945,0.92,0,0,False,8.50895,7.91323,8.61869,0,1.65664,1.57772
0.3,5000,8,vfl_uncorrected,0.0183993,0.00982908,0.0291537,0.0182983,0.0176346,0.019002,0.0189513,0.0182508,0.0196759,0.0188934,0.0154274,0.00192912,0.9465,0.92,0,0,False,8.50895,7.91323,8.61869,0,1.65633,1.58089
0.3,10000,,ols,0.00859407,0.00547408,0.0127336,0.00887765,0.00858881,0.00915658,0.00911494,0.00882693,0.00939957,0.00903197,0.00825428,0.00107507,0.939,0.905,0,,,,,,,,
0.3,10000,,ols_unclipped,0.00844701,0.00545672,0.0125874,0.00871856,0.00843497,0.00899949,0.00895197,0.00866556,0.00923573,0.0090192,0.00820122,-0.000274095,,,,,,,,,,,
0.3,10000,0.5,vfl_bc,0.0780029,0.0458643,0.108862,0.078175,0.0758226,0.080641,0.0800142,0.07765,0.0823557,0.079938,0.047229,-0.00118526,0.825,0.48,0,3071.8,True,1.90673,1.64904,2.24782,0,9.07636,8.77835
0.3,10000,0.5,vfl_uncorrected,0.076614,0.0461537,0.109122,0.0769991,0.0746159,0.0795073,0.0789127,0.0765391,0.0812956,0.0788293,0.0481354,-0.00111922,0.832,0.535,0,3071.8,True,1.90673,1.64904,2.24782,0,8.91475,8.65752
0.3,10000,1,vfl_bc,0.043548,0.0229147,0.0672628,0.0436142,0.0420034,0.0453036,0.0452775,0.0435658,0.0470392,0.0452707,0.0355415,0.00362464,0.956,0.93,0,0,False,2.56376,2.29049,2.79136,0,5.06722,4.96739
0.3,10000,1,vfl_uncorrected,0.0439188,0.023243,0.0707857,0.0443528,0.0426282,0.0461563,0.0461041,0.0443162,0.0479641,0.0460919,0.0359205,0.00368795,0.9525,0.93,0,0,False,2.56376,2.29049,2.79136,0,5.11036,5.05808
0.3,10000,2,vfl_bc,0.0243582,0.0131772,0.0366769,0.0241135,0.0232404,0.0249689,0.0248506,0.0239941,0.0257014,0.02482,0.0207279,0.00103316,0.956,0.92,0,0,False,5.07994,4.71396,5.22293,0,2.8343,2.72635
0.3,10000,2,vfl_uncorrected,0.0245093,0.0131834,0.0367245,0.0242896,0.0234095,0.0251635,0.0250457,0.0241673,0.0259086,0.0250124,0.0207908,0.00105216,0.9545,0.91,0,0,False,5.07994,4.71396,5.22293,0,2.85188,2.74776
0.3,10000,4,vfl_bc,0.0148455,0.00825072,0.0220715,0.0148457,0.0142817,0.0153646,0.0153047,0.0147318,0.0158219,0.0152481,0.0138051,0.00226744,0.952,0.94,0,0,False,9.55763,9.18282,9.63181,0,1.72742,1.67908
0.3,10000,4,vfl_uncorrected,0.0148039,0.0083132,0.022126,0.014877,0.0143108,0.0154005,0.0153381,0.0147676,0.0158581,0.0152802,0.0138164,0.0022737,0.9515,0.935,0,0,False,9.55763,9.18282,9.63181,0,1.72258,1.68274
0.3,10000,8,vfl_bc,0.0108436,0.0068606,0.0170088,0.0111138,0.0107427,0.0114883,0.0114382,0.011038,0.0118356,0.0113579,0.00989715,0.00127808,0.944,0.925,0,0,False,17.265,16.6616,17.3493,0,1.26175,1.25489
0.3,10000,8,vfl_uncorrected,0.0108403,0.00688671,0.0170026,0.0111185,0.0107482,0.0114933,0.0114434,0.0110435,0.0118413,0.0113625,0.00989936,0.00127962,0.9445,0.925,0,0,False,17.265,16.6616,17.3493,0,1.26137,1.25545
0.3,25000,,ols,0.00528618,0.00345119,0.00826075,0.00551596,0.00533696,0.00569255,0.00567022,0.00547792,0.00585036,0.0055513,0.00521912,0.001308,0.9515,0.935,0,,,,,,,,
0.3,25000,,ols_unclipped,0.00515543,0.00317633,0.00819047,0.0053501,0.00516957,0.00552432,0.00550847,0.00531729,0.00568837,0.00563218,0.00507658,-9.83386e-05,,,,,,,,,,,
0.3,25000,0.5,vfl_bc,0.0314077,0.0184917,0.0526603,0.032685,0.0314525,0.0339192,0.0338341,0.0325264,0.0350995,0.033828,0.0265699,0.000398744,0.951,0.93,0,0,False,3.52908,3.16211,3.72707,0,5.94148,5.96698
0.3,25000,0.5,vfl_uncorrected,0.0316464,0.0183516,0.0534076,0.0330255,0.0317784,0.034249,0.0342162,0.0328872,0.0355103,0.0342058,0.0267059,0.000430702,0.9495,0.93,0,0,False,3.52908,3.16211,3.72707,0,5.98662,6.03436
0.3,25000,1,vfl_bc,0.018033,0.0104865,0.0285504,0.0181951,0.0175308,0.0188566,0.0187704,0.018086,0.0194515,0.0187688,0.0144021,0.000296332,0.954,0.925,0,0,False,6.94022,6.60068,7.02512,0,3.41134,3.31034
0.3,25000,1,vfl_uncorrected,0.0180724,0.0106158,0.0287926,0.0182324,0.0175698,0.0188964,0.0188095,0.0181245,0.0194862,0.0188059,0.0144271,0.000302709,0.9535,0.92,0,0,False,6.94022,6.60068,7.02512,0,3.41881,3.31725
0.3,25000,2,vfl_bc,0.0101216,0.0055533,0.0156911,0.0102892,0.00992,0.010668,0.0106335,0.0102454,0.0110071,0.0105781,0.00846015,0.0017585,0.955,0.935,0,0,False,13.0818,12.6862,13.1447,0,1.91473,1.87533
0.3,25000,2,vfl_uncorrected,0.0101159,0.00558618,0.0156877,0.0103003,0.00992588,0.0106793,0.0106468,0.0102575,0.0110223,0.0105904,0.00846435,0.00176086,0.9555,0.935,0,0,False,13.0818,12.6862,13.1447,0,1.91365,1.87768
0.3,25000,4,vfl_bc,0.00741434,0.00419266,0.0108726,0.00740657,0.0071701,0.00764866,0.00761314,0.0073675,0.007856,0.00754152,0.00709297,0.00140153,0.9485,0.9,0,0,False,24.22,23.5896,24.2407,0,1.40259,1.34265
0.3,25000,4,vfl_uncorrected,0.00740667,0.00418523,0.0108547,0.00740717,0.00717239,0.00764986,0.00761351,0.00736829,0.00785659,0.00754146,0.00709394,0.00140222,0.948,0.9,0,0,False,24.22,23.5896,24.2407,0,1.40114,1.34272
0.3,25000,8,vfl_bc,0.00583315,0.00374216,0.00902826,0.00611194,0.00590492,0.0063084,0.00628385,0.00606864,0.00648771,0.00617798,0.00593959,0.00143637,0.947,0.93,0,0,False,43.6396,42.6383,43.6636,0,1.10347,1.10822
0.3,25000,8,vfl_uncorrected,0.00583759,0.00374383,0.00902616,0.0061125,0.00590555,0.00630867,0.00628429,0.00606909,0.00648781,0.00617826,0.00593984,0.00143659,0.947,0.93,0,0,False,43.6396,42.6383,43.6636,0,1.10431,1.1083
0.3,50000,,ols,0.0039843,0.00237038,0.00569303,0.00400479,0.00389283,0.00412689,0.00409378,0.00397886,0.0042155,0.00395693,0.00395535,0.00110279,0.9455,0.915,0,,,,,,,,
0.3,50000,,ols_unclipped,0.00380039,0.00224326,0.00532501,0.00383084,0.00372365,0.00394271,0.00391619,0.00380844,0.00402669,0.00410551,0.00383354,-0.000276852,,,,,,,,,,,
0.3,50000,0.5,vfl_bc,0.0157945,0.00983657,0.0249052,0.0163974,0.0158053,0.0170056,0.0169334,0.0163118,0.0175841,0.0169345,0.0141469,0.00307162,0.953,0.915,0,0,False,7.35178,6.99073,7.45728,0,3.96419,4.13638
0.3,50000,0.5,vfl_uncorrected,0.0158335,0.00986435,0.0249061,0.0164419,0.0158489,0.0170486,0.0169817,0.0163535,0.0176394,0.0169808,0.0141686,0.00308126,0.9525,0.915,0,0,False,7.35178,6.99073,7.45728,0,3.97398,4.14817
0.3,50000,1,vfl_bc,0.00950211,0.00523627,0.0147518,0.00948922,0.00913461,0.00985657,0.00980857,0.00942901,0.0101964,0.00973877,0.00869563,0.0015638,0.9435,0.925,0,0,False,13.97,13.5934,14.0561,0,2.38489,2.39597
0.3,50000,1,vfl_uncorrected,0.00948647,0.00529292,0.0146935,0.00949416,0.00914015,0.0098626,0.00981411,0.0094353,0.0102061,0.00974333,0.00869874,0.0015658,0.9425,0.92,0,0,False,13.97,13.5934,14.0561,0,2.38096,2.39732
0.3,50000,2,vfl_bc,0.00625169,0.00367045,0.00947299,0.00622619,0.00601974,0.00644118,0.00640585,0.00618814,0.00662749,0.0063137,0.00539846,0.00134508,0.9445,0.9,0,0,False,26.2498,25.6457,26.3005,0,1.56908,1.56478
0.3,50000,2,vfl_uncorrected,0.006258,0.00368435,0.00946352,0.00622896,0.00602252,0.00644431,0.0064086,0.00619048,0.00662983,0.00631604,0.00539915,0.00134573,0.9445,0.9,0,0,False,26.2498,25.6457,26.3005,0,1.57067,1.56545
0.3,50000,4,vfl_bc,0.00481159,0.00247363,0.00670945,0.00475855,0.00461505,0.00490824,0.00486695,0.00472483,0.00501064,0.00471145,0.00418011,0.000945479,0.946,0.93,0,0,False,48.4795,47.6113,48.5018,0,1.20764,1.18887
0.3,50000,4,vfl_uncorrected,0.00481295,0.00247684,0.00670751,0.00475905,0.00461601,0.00490852,0.00486736,0.00472558,0.00501108,0.00471169,0.00418025,0.000945657,0.946,0.93,0,0,False,48.4795,47.6113,48.5018,0,1.20798,1.18896
0.3,50000,8,vfl_bc,0.0041758,0.00251038,0.00601614,0.0042257,0.00410978,0.00434976,0.00431829,0.00420505,0.00444174,0.00418249,0.00408203,0.00120814,0.94,0.91,0,0,False,87.3672,85.8838,87.3638,0,1.04806,1.05484
0.3,50000,8,vfl_uncorrected,0.00417583,0.00251019,0.00601731,0.00422593,0.00411004,0.00434987,0.00431851,0.00420526,0.00444186,0.00418265,0.00408208,0.00120819,0.94,0.91,0,0,False,87.3672,85.8838,87.3638,0,1.04807,1.0549
0.3,100000,,ols,0.00296328,0.00177428,0.00421321,0.00298231,0.00289781,0.00306496,0.00304776,0.00296082,0.00312986,0.00283573,0.00301093,0.00125278,0.93,0.885,0,,,,,,,,
0.3,100000,,ols_unclipped,0.00268778,0.00154841,0.00403314,0.0027342,0.00264676,0.00281675,0.00280197,0.00271588,0.00288488,0.00305263,0.0027428,-0.000118701,,,,,,,,,,,
0.3,100000,0.5,vfl_bc,0.00835832,0.00472914,0.0125744,0.0085324,0.0082483,0.00883064,0.00878226,0.00849361,0.00907679,0.0087381,0.00776602,0.000790157,0.9515,0.935,0,0,False,14.8476,14.5091,14.9175,0,2.82063,2.88155
0.3,100000,0.5,vfl_uncorrected,0.00835639,0.00477659,0.0126258,0.00854138,0.00825859,0.00883961,0.00879263,0.00850351,0.00908704,0.00874756,0.00776861,0.000791809,0.951,0.93,0,0,False,14.8476,14.5091,14.9175,0,2.81998,2.88495
0.3,100000,1,vfl_bc,0.00509666,0.00316315,0.00808094,0.00519924,0.00501288,0.00537379,0.0053568,0.00516469,0.00553992,0.00525507,0.00482422,0.00124893,0.94,0.92,0,0,False,28.1054,27.7364,28.1178,0,1.71994,1.75762
0.3,100000,1,vfl_uncorrected,0.00509471,0.00316273,0.00809462,0.00520026,0.0050137,0.00537404,0.00535778,0.00516571,0.00554076,0.00525561,0.00482479,0.00124944,0.9395,0.92,0,0,False,28.1054,27.7364,28.1178,0,1.71928,1.75794
0.3,100000,2,vfl_bc,0.00365466,0.00223554,0.00526111,0.0037394,0.00362501,0.00385121,0.00382802,0.00371329,0.00394026,0.00366065,0.00373994,0.00124206,0.9385,0.92,0,0,False,52.5869,51.964,52.6114,0,1.23332,1.25601
0.3,100000,2,vfl_uncorrected,0.00365771,0.00223633,0.00525778,0.00373983,0.0036254,0.00385163,0.0038285,0.00371373,0.00394111,0.00366095,0.00374007,0.00124221,0.9385,0.92,0,0,False,52.5869,51.964,52.6114,0,1.23435,1.25617
0.3,100000,4,vfl_bc,0.00318929,0.00190903,0.0046413,0.00318717,0.00309414,0.00327726,0.00325912,0.00316509,0.00334959,0.00307333,0.00326432,0.00134172,0.936,0.895,0,0,False,97.0136,96.0251,97.0227,0,1.07627,1.06935
0.3,100000,4,vfl_uncorrected,0.00319073,0.00190904,0.00464175,0.00318734,0.0030943,0.00327739,0.00325929,0.00316528,0.00334973,0.00307344,0.00326435,0.00134176,0.936,0.895,0,0,False,97.0136,96.0251,97.0227,0,1.07676,1.06941
0.3,100000,8,vfl_bc,0.00301949,0.00187835,0.00439597,0.00306934,0.00298069,0.00315375,0.00313486,0.00304549,0.00321902,0.00292317,0.00306235,0.00121776,0.9335,0.895,0,0,False,174.767,173.129,174.762,0,1.01897,1.02858
0.3,100000,8,vfl_uncorrected,0.00301956,0.00187843,0.00439558,0.00306939,0.00298073,0.00315381,0.00313491,0.00304554,0.00321907,0.0029232,0.00306236,0.00121777,0.9335,0.895,0,0,False,174.767,173.129,174.762,0,1.01899,1.0286
