ell,eps,n,sigma,lam,rho0,rho_lam,gate_pass,relbias_unc,relbias_bc,bias_share_unc,bias_share_bc,mse_ratio_vs_lam,mse_ratio_vs_lam_ci95,gain_bias_part,gain_var_part,var_ratio,mse_ratio_vs_ols,mse_ratio_vs_ols_ci95,max_bias_sd_unc,max_bias_sd_bc,mc_floor_sd,K_cross_10pct,K_bias_eq_var,cover_true_unc,cover_true_bc,cover_clip_unc,cover_clip_bc,se_calib_unc,mse_true_unc,mse_true_bc,shrink_sq,samp_sq,mech_bias_sq_unc,mech_var_unc
main,0.5,500,606.0128,7792.71,0.0627,2.0013,0.98414,5.2429e-02,4.5779e-03,0.00007,0.000001,0.88207,0.00017,0.00006,0.11787,0.88212,0.99162,0.00007,0.0175,0.0046,0.0025,1,1.513e+04,0.4599,0.4598,0.4601,0.4594,1.0235,6.09085e-01,6.03916e-01,5.46817e-01,1.26028e-02,4.57565e-06,6.92452e-02
main,0.5,1000,606.0128,7545.76,0.1383,2.0154,0.99392,4.6670e-02,5.7209e-03,0.00022,0.000005,0.88920,0.00016,0.00021,0.11059,0.88939,0.99672,0.00007,0.0309,0.0062,0.0024,1,4627,0.4723,0.4705,0.4712,0.4694,1.0333,5.44322e-01,5.42932e-01,4.92327e-01,6.18664e-03,1.40921e-05,6.51232e-02
main,0.5,2000,606.0128,7051.85,0.2878,2.0421,0.99874,4.3388e-02,4.6597e-03,0.00067,0.000010,0.89914,0.00016,0.00066,0.10020,0.89974,1.00510,0.00006,0.0535,0.0071,0.0023,1,1493,0.4901,0.4857,0.4892,0.4856,1.0179,4.47179e-01,4.49657e-01,3.99545e-01,3.11583e-03,3.95149e-05,5.89673e-02
main,0.5,4000,606.0128,6064.03,0.5788,2.0873,0.99996,3.8038e-02,2.7177e-03,0.00205,0.000013,0.91116,0.00018,0.00204,0.08680,0.91302,1.02042,0.00007,0.0867,0.0074,0.0021,7.106,485.9,0.5473,0.5381,0.5461,0.5374,1.0157,3.01665e-01,3.07787e-01,2.61226e-01,1.55576e-03,1.03778e-04,5.04728e-02
main,0.5,8000,606.0128,4088.40,1.1827,2.1998,1.00000,2.9321e-02,2.1304e-03,0.00452,0.000026,0.92304,0.00021,0.00450,0.07247,0.92721,1.04264,0.00015,0.1191,0.0103,0.0018,6.704,220.4,0.7038,0.6877,0.7053,0.6892,1.0093,1.33585e-01,1.39093e-01,9.68097e-02,7.85218e-04,1.87769e-04,4.13647e-02
main,0.5,16000,606.0128,137.13,2.3484,2.3825,1.00000,2.1040e-02,1.0262e-03,0.00746,0.000019,0.93304,0.00021,0.00744,0.05952,0.94003,0.94099,0.00022,0.1429,0.0076,0.0015,5.934,133,0.9535,0.9561,0.9537,0.9560,1.0073,3.42706e-02,3.23437e-02,7.89175e-05,4.02411e-04,2.57763e-04,3.42915e-02
main,0.5,32000,606.0128,0.00,4.7593,4.7593,1.00000,5.1571e-03,4.7622e-05,0.00191,0.000000,0.98384,0.00005,0.00191,0.01425,0.98572,0.98384,0.00005,0.0724,0.0017,0.0008,49.72,522,0.9504,0.9509,0.9514,0.9525,1.0086,8.36973e-03,8.23955e-03,0.00000e+00,2.07985e-04,1.57295e-05,8.21234e-03
main,0.5,64000,606.0128,0.00,9.6163,9.6163,1.00000,1.2640e-03,3.1307e-06,0.00047,0.000000,0.99606,0.00001,0.00047,0.00347,0.99653,0.99606,0.00001,0.0357,0.0005,0.0004,227.9,2124,0.9495,0.9492,0.9510,0.9508,1.0030,2.13667e-03,2.13058e-03,0.00000e+00,1.13803e-04,9.49402e-07,2.01699e-03
main,0.5,128000,606.0128,0.00,18.9829,18.9829,1.00000,3.1907e-04,1.6034e-06,0.00012,0.000000,0.99901,0.00000,0.00012,0.00087,0.99913,0.99901,0.00000,0.0180,0.0003,0.0002,918.8,8341,0.9456,0.9463,0.9507,0.9512,1.0004,5.69826e-04,5.69597e-04,0.00000e+00,6.65210e-05,6.07567e-08,5.06816e-04
main,1.0,500,321.5111,4018.37,0.1182,2.0024,0.99236,4.9811e-02,2.6545e-03,0.00021,0.000001,0.88752,0.00017,0.00021,0.11228,0.88770,0.99606,0.00007,0.0294,0.0046,0.0025,1,4795,0.4759,0.4733,0.4744,0.4730,1.0319,5.50665e-01,5.48893e-01,5.00081e-01,1.26028e-02,1.37488e-05,6.60243e-02
main,1.0,1000,321.5111,3771.42,0.2606,2.0290,0.99840,4.3361e-02,4.9088e-03,0.00065,0.000010,0.89819,0.00016,0.00064,0.10117,0.89877,1.00468,0.00006,0.0525,0.0080,0.0023,1,1539,0.4885,0.4842,0.4874,0.4833,1.0145,4.64611e-01,4.66507e-01,4.11493e-01,6.18664e-03,3.87242e-05,5.95581e-02
main,1.0,2000,321.5111,3277.51,0.5425,2.0793,0.99988,3.7929e-02,3.5596e-03,0.00177,0.000017,0.90994,0.00018,0.00175,0.08832,0.91153,1.01808,0.00007,0.0824,0.0086,0.0022,7.275,565.2,0.5437,0.5346,0.5435,0.5341,0.9999,3.14917e-01,3.20760e-01,2.75734e-01,3.11583e-03,9.09610e-05,5.14211e-02
main,1.0,4000,321.5111,2289.69,1.0910,2.1646,1.00000,3.0314e-02,2.2277e-03,0.00430,0.000025,0.92131,0.00021,0.00427,0.07442,0.92526,1.04096,0.00013,0.1187,0.0092,0.0019,6.529,231.9,0.6889,0.6734,0.6897,0.6745,1.0116,1.46262e-01,1.52162e-01,1.10691e-01,1.55576e-03,1.82599e-04,4.22960e-02
main,1.0,8000,321.5111,314.06,2.2293,2.3766,1.00000,2.1543e-02,1.1840e-03,0.00721,0.000024,0.93266,0.00020,0.00719,0.06015,0.93941,0.96902,0.00030,0.1409,0.0079,0.0015,6.042,137.5,0.9521,0.9541,0.9534,0.9546,1.0089,3.58582e-02,3.46905e-02,1.52500e-03,7.85218e-04,2.50289e-04,3.44610e-02
main,1.0,16000,321.5111,0.00,4.4265,4.4265,1.00000,5.8553e-03,6.3251e-05,0.00217,0.000000,0.98160,0.00005,0.00217,0.01623,0.98374,0.98160,0.00005,0.0774,0.0018,0.0008,42.82,460.2,0.9542,0.9566,0.9545,0.9571,1.0187,9.41131e-03,9.25271e-03,0.00000e+00,4.02411e-04,2.04200e-05,9.39102e-03
main,1.0,32000,321.5111,0.00,8.9707,8.9707,1.00000,1.4330e-03,1.2735e-05,0.00053,0.000000,0.99552,0.00001,0.00053,0.00395,0.99605,0.99552,0.00001,0.0381,0.0008,0.0004,200.6,1879,0.9465,0.9477,0.9488,0.9490,1.0004,2.50449e-03,2.49610e-03,0.00000e+00,2.07985e-04,1.21440e-06,2.28227e-03
main,1.0,64000,321.5111,0.00,18.1257,18.1257,1.00000,3.5500e-04,3.3731e-06,0.00013,0.000000,0.99890,0.00000,0.00013,0.00097,0.99903,0.99890,0.00000,0.0190,0.0004,0.0002,830.8,7549,0.9475,0.9474,0.9492,0.9489,1.0058,6.80214e-04,6.79718e-04,0.00000e+00,1.13803e-04,7.49012e-08,5.65557e-04
main,1.0,128000,321.5111,0.00,35.7807,35.7807,1.00000,8.9859e-05,3.2869e-07,0.00003,0.000000,0.99972,0.00000,0.00003,0.00025,0.99975,0.99972,0.00000,0.0095,0.0001,0.0001,3283,2.962e+04,0.9338,0.9340,0.9447,0.9449,0.9972,2.09554e-04,2.09604e-04,0.00000e+00,6.65210e-05,4.81818e-09,1.42691e-04
main,2.0,500,171.8296,2032.62,0.2211,2.0044,0.99772,4.5493e-02,4.8285e-03,0.00060,0.000008,0.89570,0.00017,0.00059,0.10371,0.89623,1.00344,0.00007,0.0470,0.0079,0.0024,1,1674,0.4885,0.4852,0.4878,0.4845,1.0215,4.75248e-01,4.76709e-01,4.23727e-01,1.26028e-02,3.63367e-05,6.08369e-02
main,2.0,1000,171.8296,1785.67,0.4877,2.0543,0.99984,3.7704e-02,3.7584e-03,0.00165,0.000018,0.90893,0.00018,0.00164,0.08944,0.91041,1.01698,0.00007,0.0779,0.0104,0.0022,7.021,604.3,0.5338,0.5259,0.5327,0.5256,1.0125,3.32765e-01,3.38433e-01,2.92570e-01,6.18664e-03,8.64597e-05,5.22189e-02
main,2.0,2000,171.8296,1291.76,1.0150,2.1483,1.00000,3.0961e-02,2.6767e-03,0.00383,0.000031,0.92015,0.00021,0.00380,0.07606,0.92365,1.03749,0.00012,0.1127,0.0113,0.0019,6.894,260.3,0.6685,0.6532,0.6701,0.6549,1.0064,1.64115e-01,1.70106e-01,1.26875e-01,3.11583e-03,1.67413e-04,4.35850e-02
main,2.0,4000,171.8296,303.94,2.0414,2.3080,1.00000,2.2940e-02,1.3039e-03,0.00726,0.000025,0.92971,0.00022,0.00724,0.06306,0.93648,0.99642,0.00039,0.1430,0.0090,0.0016,5.541,136.9,0.9446,0.9423,0.9458,0.9435,1.0232,3.88649e-02,3.87159e-02,5.22278e-03,1.55576e-03,2.60272e-04,3.55578e-02
main,2.0,8000,171.8296,0.00,4.1713,4.1713,1.00000,6.6350e-03,1.3167e-04,0.00246,0.000001,0.97915,0.00006,0.00246,0.01840,0.98156,0.97915,0.00006,0.0812,0.0025,0.0009,36.82,406.2,0.9518,0.9525,0.9509,0.9525,1.0001,1.15400e-02,1.13356e-02,0.00000e+00,7.85218e-04,2.62678e-05,1.06655e-02
main,2.0,16000,171.8296,0.00,8.2824,8.2824,1.00000,1.6609e-03,1.0351e-05,0.00062,0.000000,0.99482,0.00001,0.00062,0.00456,0.99544,0.99482,0.00001,0.0410,0.0008,0.0004,170.7,1610,0.9505,0.9513,0.9521,0.9524,1.0031,3.02172e-03,3.00806e-03,0.00000e+00,4.02411e-04,1.64265e-06,2.64361e-03
main,2.0,32000,171.8296,0.00,16.7852,16.7852,1.00000,4.0854e-04,1.2841e-06,0.00015,0.000000,0.99872,0.00000,0.00015,0.00112,0.99888,0.99872,0.00000,0.0205,0.0003,0.0002,722,6572,0.9493,0.9495,0.9513,0.9517,1.0037,8.55899e-04,8.55448e-04,0.00000e+00,2.07985e-04,9.87145e-08,6.48641e-04
main,2.0,64000,171.8296,0.00,33.9150,33.9150,1.00000,1.0118e-04,3.4915e-07,0.00004,0.000000,0.99968,0.00000,0.00004,0.00028,0.99972,0.99968,0.00000,0.0101,0.0002,0.0001,2924,2.639e+04,0.9394,0.9394,0.9479,0.9482,0.9936,2.82312e-04,2.82399e-04,0.00000e+00,1.13803e-04,6.08365e-09,1.60560e-04
main,2.0,128000,171.8296,0.00,66.9494,66.9494,1.00000,2.5607e-05,6.6486e-08,0.00001,0.000000,0.99992,0.00000,0.00001,0.00007,0.99993,0.99992,0.00000,0.0051,0.0001,0.0001,1.156e+04,1.041e+05,0.9252,0.9251,0.9488,0.9489,0.9980,1.07708e-04,1.07735e-04,0.00000e+00,6.65210e-05,3.91309e-10,4.07427e-05
main,4.0,500,93.1761,989.17,0.4077,2.0082,0.99972,3.9920e-02,3.8472e-03,0.00149,0.000015,0.90551,0.00018,0.00148,0.09301,0.90685,1.01475,0.00007,0.0747,0.0084,0.0022,5.16,668.7,0.5309,0.5224,0.5309,0.5219,1.0166,3.53611e-01,3.58823e-01,3.12114e-01,1.26028e-02,8.13255e-05,5.44244e-02
main,4.0,1000,93.1761,742.21,0.8993,2.1002,0.99996,3.1314e-02,2.2686e-03,0.00353,0.000021,0.91887,0.00020,0.00351,0.07762,0.92210,1.03423,0.00011,0.1108,0.0088,0.0019,6.918,282.2,0.6447,0.6315,0.6454,0.6315,1.0160,1.86861e-01,1.93139e-01,1.47675e-01,6.18664e-03,1.58696e-04,4.47330e-02
main,4.0,2000,93.1761,248.30,1.8718,2.2735,1.00000,2.4027e-02,1.5203e-03,0.00673,0.000030,0.92829,0.00021,0.00670,0.06501,0.93455,1.02068,0.00039,0.1381,0.0094,0.0016,5.684,147.5,0.9183,0.9127,0.9205,0.9149,1.0046,4.82001e-02,4.89839e-02,1.24656e-02,3.11583e-03,2.50097e-04,3.68978e-02
main,4.0,4000,93.1761,0.00,3.7646,3.7646,1.00000,8.0753e-03,1.4672e-04,0.00304,0.000001,0.97458,0.00008,0.00304,0.02238,0.97756,0.97458,0.00008,0.0910,0.0025,0.0009,28.21,327.2,0.9472,0.9486,0.9466,0.9484,0.9895,1.47724e-02,1.44067e-02,0.00000e+00,1.55576e-03,3.91125e-05,1.28010e-02
main,4.0,8000,93.1761,0.00,7.6924,7.6924,1.00000,1.9254e-03,2.0076e-05,0.00072,0.000000,0.99398,0.00002,0.00072,0.00530,0.99469,0.99398,0.00002,0.0439,0.0010,0.0005,146.3,1390,0.9473,0.9473,0.9473,0.9479,0.9893,3.97729e-03,3.95871e-03,0.00000e+00,7.85218e-04,2.21218e-06,3.07646e-03
main,4.0,16000,93.1761,0.00,15.2739,15.2739,1.00000,4.8517e-04,5.1242e-06,0.00018,0.000000,0.99849,0.00000,0.00018,0.00133,0.99867,0.99849,0.00000,0.0222,0.0005,0.0002,603.9,5508,0.9492,0.9495,0.9518,0.9519,1.0013,1.16827e-03,1.16761e-03,0.00000e+00,4.02411e-04,1.40206e-07,7.72278e-04
main,4.0,32000,93.1761,0.00,30.9541,30.9541,1.00000,1.2052e-04,0.0000e+00,0.00005,0.000000,0.99963,0.00000,0.00005,0.00033,0.99967,0.99963,0.00000,0.0110,0.0002,0.0001,2459,2.221e+04,0.9468,0.9468,0.9499,0.9502,1.0002,4.01830e-04,4.01869e-04,0.00000e+00,2.07985e-04,8.58996e-09,1.90748e-04
main,4.0,64000,93.1761,0.00,62.5440,62.5440,1.00000,2.9599e-05,4.4751e-09,0.00001,0.000000,0.99991,0.00000,0.00001,0.00008,0.99992,0.99991,0.00000,0.0054,0.0001,0.0001,1.012e+04,9.116e+04,0.9348,0.9349,0.9515,0.9514,1.0049,1.60803e-04,1.60835e-04,0.00000e+00,1.13803e-04,5.20668e-10,4.74683e-05
main,4.0,128000,93.1761,0.00,123.4640,123.4640,1.00000,7.5359e-06,0.0000e+00,0.00000,0.000000,0.99998,0.00000,0.00000,0.00002,0.99998,0.99998,0.00000,0.0028,0.0000,0.0000,3.934e+04,3.541e+05,0.9099,0.9097,0.9461,0.9461,1.0018,7.88339e-05,7.88424e-05,0.00000e+00,6.65210e-05,3.38869e-11,1.20005e-05
main,8.0,500,51.7286,439.30,0.7344,2.0147,0.99992,3.3930e-02,2.7976e-03,0.00320,0.000025,0.91452,0.00020,0.00318,0.08230,0.91744,1.03111,0.00010,0.1043,0.0090,0.0020,6.078,311.2,0.6298,0.6169,0.6302,0.6166,1.0095,2.12457e-01,2.18859e-01,1.75023e-01,1.26028e-02,1.51884e-04,4.73022e-02
main,8.0,1000,51.7286,192.35,1.6199,2.1805,1.00000,2.4560e-02,1.3990e-03,0.00595,0.000021,0.92741,0.00021,0.00593,0.06666,0.93294,1.03287,0.00034,0.1334,0.0087,0.0017,6.1,166.9,0.8826,0.8748,0.8832,0.8768,0.9903,6.51305e-02,6.70520e-02,2.59210e-02,6.18664e-03,2.28337e-04,3.81017e-02
main,8.0,2000,51.7286,0.00,3.3716,3.3716,1.00000,1.0081e-02,2.4478e-04,0.00368,0.000003,0.96821,0.00009,0.00368,0.02811,0.97179,0.96821,0.00009,0.0988,0.0032,0.0011,21.56,270.4,0.9535,0.9546,0.9525,0.9535,1.0029,1.91290e-02,1.86572e-02,0.00000e+00,3.11583e-03,5.99981e-05,1.62087e-02
main,8.0,4000,51.7286,0.00,6.7810,6.7810,1.00000,2.4601e-03,0.0000e+00,0.00094,0.000000,0.99232,0.00002,0.00094,0.00675,0.99325,0.99232,0.00002,0.0507,0.0007,0.0005,110.5,1066,0.9491,0.9495,0.9495,0.9501,0.9983,5.44986e-03,5.41855e-03,0.00000e+00,1.55576e-03,3.62927e-06,3.87050e-03
main,8.0,8000,51.7286,0.00,13.8559,13.8559,1.00000,5.9748e-04,3.2698e-06,0.00022,0.000000,0.99814,0.00001,0.00022,0.00163,0.99837,0.99814,0.00001,0.0243,0.0005,0.0003,485.9,4445,0.9511,0.9511,0.9508,0.9507,1.0032,1.72557e-03,1.72394e-03,0.00000e+00,7.85218e-04,2.13022e-07,9.47068e-04
main,8.0,16000,51.7286,0.00,27.5121,27.5121,1.00000,1.4996e-04,5.1561e-07,0.00006,0.000000,0.99953,0.00000,0.00006,0.00041,0.99959,0.99953,0.00000,0.0123,0.0002,0.0001,1970,1.78e+04,0.9449,0.9451,0.9478,0.9481,1.0000,6.40608e-04,6.40482e-04,0.00000e+00,4.02411e-04,1.33954e-08,2.38419e-04
main,8.0,32000,51.7286,0.00,55.7561,55.7561,1.00000,3.7024e-05,2.6599e-07,0.00001,0.000000,0.99988,0.00000,0.00001,0.00010,0.99990,0.99988,0.00000,0.0061,0.0001,0.0001,8046,7.248e+04,0.9431,0.9430,0.9505,0.9505,1.0047,2.67923e-04,2.67961e-04,0.00000e+00,2.07985e-04,8.10853e-10,5.87801e-05
main,8.0,64000,51.7286,0.00,112.6573,112.6573,1.00000,9.2381e-06,5.3087e-08,0.00000,0.000000,0.99997,0.00000,0.00000,0.00003,0.99997,0.99997,0.00000,0.0031,0.0001,0.0000,3.21e+04,2.889e+05,0.9334,0.9334,0.9499,0.9499,1.0067,1.27749e-04,1.27760e-04,0.00000e+00,1.13803e-04,5.07146e-11,1.46536e-05
main,8.0,128000,51.7286,0.00,222.3894,222.3894,1.00000,2.3283e-06,8.9611e-09,0.00000,0.000000,0.99999,0.00000,0.00000,0.00001,0.99999,0.99999,0.00000,0.0015,0.0000,0.0000,1.267e+05,1.14e+06,0.9064,0.9064,0.9473,0.9473,1.0071,7.01716e-05,7.01744e-05,0.00000e+00,6.65210e-05,3.23472e-12,3.68742e-06
zero,0.5,500,606.0128,8039.67,0.0627,2.0627,0.99502,4.9250e-02,3.3007e-03,0.00006,0.000001,0.89022,0.00015,0.00006,0.10972,0.89027,0.99287,0.00006,0.0164,0.0044,0.0024,1,1.697e+04,0.4462,0.4471,0.4459,0.4464,1.0214,6.06531e-01,6.02112e-01,5.48468e-01,1.26028e-02,3.81051e-06,6.46646e-02
zero,0.5,1000,606.0128,8039.67,0.1383,2.1383,0.99944,4.1376e-02,4.1783e-03,0.00017,0.000003,0.90350,0.00014,0.00017,0.09633,0.90366,0.99815,0.00005,0.0276,0.0052,0.0023,23.39,5773,0.4429,0.4422,0.4421,0.4416,1.0294,5.43332e-01,5.42603e-01,4.98120e-01,6.18664e-03,9.91041e-06,5.71399e-02
zero,0.5,2000,606.0128,8039.67,0.2878,2.2878,1.00000,3.4382e-02,2.3348e-03,0.00044,0.000004,0.92201,0.00011,0.00043,0.07756,0.92241,1.00494,0.00004,0.0435,0.0051,0.0021,57.6,2298,0.4361,0.4340,0.4362,0.4337,1.0130,4.54706e-01,4.57114e-01,4.17805e-01,3.11583e-03,2.01403e-05,4.62659e-02
zero,0.5,4000,606.0128,8039.67,0.5788,2.5788,1.00000,2.5147e-02,8.5638e-04,0.00095,0.000002,0.94406,0.00010,0.00095,0.05499,0.94496,1.01277,0.00003,0.0603,0.0042,0.0018,52.48,1048,0.4329,0.4304,0.4311,0.4276,1.0102,3.35971e-01,3.40274e-01,3.09522e-01,1.55576e-03,3.12333e-05,3.27440e-02
zero,0.5,8000,606.0128,8039.67,1.1827,3.1827,1.00000,1.4607e-02,4.5690e-04,0.00128,0.000002,0.96555,0.00007,0.00127,0.03318,0.96678,1.01765,0.00002,0.0665,0.0036,0.0013,58.22,783.7,0.4211,0.4170,0.4205,0.4151,1.0043,2.09674e-01,2.13297e-01,1.91280e-01,7.85218e-04,2.50181e-05,1.95982e-02
zero,0.5,16000,606.0128,8039.67,2.3484,4.3484,1.00000,7.0952e-03,6.7667e-05,0.00113,0.000000,0.98205,0.00004,0.00113,0.01682,0.98316,1.01778,0.00001,0.0607,0.0017,0.0009,81.61,883.1,0.4191,0.4153,0.4158,0.4125,1.0060,1.03302e-01,1.05123e-01,9.47029e-02,4.02411e-04,1.11287e-05,9.82693e-03
zero,0.5,32000,606.0128,8039.67,4.7593,6.7593,1.00000,2.7692e-03,1.4025e-05,0.00065,0.000000,0.99245,0.00002,0.00065,0.00690,0.99309,1.01400,0.00001,0.0445,0.0011,0.0006,159,1537,0.4262,0.4235,0.4244,0.4206,1.0065,4.13605e-02,4.19358e-02,3.75741e-02,2.07985e-04,2.58417e-06,3.97152e-03
zero,0.5,64000,606.0128,8039.67,9.6163,11.6163,1.00000,9.0721e-04,2.7120e-06,0.00027,0.000000,0.99739,0.00001,0.00027,0.00235,0.99765,1.00917,0.00000,0.0276,0.0004,0.0003,408.1,3761,0.4357,0.4346,0.4303,0.4285,1.0026,1.40402e-02,1.41674e-02,1.24521e-02,1.13803e-04,3.61276e-07,1.35892e-03
zero,0.5,128000,606.0128,8039.67,18.9829,20.9829,1.00000,2.6789e-04,1.3192e-06,0.00009,0.000000,0.99920,0.00000,0.00009,0.00071,0.99929,1.00539,0.00000,0.0157,0.0003,0.0002,1241,1.125e+04,0.4555,0.4542,0.4431,0.4418,1.0003,4.20587e-03,4.22787e-03,3.64771e-03,6.65210e-05,3.65355e-08,4.10972e-04
zero,1.0,500,321.5111,4265.33,0.1182,2.1182,0.99948,4.4491e-02,1.3861e-03,0.00017,0.000001,0.90137,0.00014,0.00017,0.09846,0.90152,0.99752,0.00005,0.0265,0.0040,0.0023,10.32,5904,0.4457,0.4455,0.4462,0.4455,1.0286,5.49766e-01,5.48661e-01,5.05309e-01,1.26028e-02,9.85942e-06,5.82930e-02
zero,1.0,1000,321.5111,4265.33,0.2606,2.2606,1.00000,3.4764e-02,3.0190e-03,0.00043,0.000004,0.92025,0.00012,0.00043,0.07932,0.92065,1.00474,0.00004,0.0432,0.0058,0.0021,53.54,2314,0.4343,0.4325,0.4343,0.4321,1.0097,4.70270e-01,4.72260e-01,4.28195e-01,6.18664e-03,2.04479e-05,4.72894e-02
zero,1.0,2000,321.5111,4265.33,0.5425,2.5425,1.00000,2.5448e-02,1.5366e-03,0.00084,0.000003,0.94203,0.00010,0.00084,0.05713,0.94283,1.01180,0.00003,0.0583,0.0045,0.0018,56.56,1184,0.4325,0.4278,0.4312,0.4267,0.9946,3.45755e-01,3.49982e-01,3.20692e-01,3.11583e-03,2.87180e-05,3.40176e-02
zero,1.0,4000,321.5111,4265.33,1.0910,3.0910,1.00000,1.5441e-02,4.8235e-04,0.00125,0.000001,0.96366,0.00008,0.00125,0.03509,0.96486,1.01738,0.00002,0.0672,0.0031,0.0014,57.47,796.7,0.4271,0.4235,0.4248,0.4210,1.0020,2.19620e-01,2.23401e-01,2.01598e-01,1.55576e-03,2.59662e-05,2.06771e-02
zero,1.0,8000,321.5111,4265.33,2.2293,4.2293,1.00000,7.5574e-03,1.2577e-04,0.00116,0.000000,0.98097,0.00005,0.00116,0.01787,0.98211,1.01789,0.00001,0.0619,0.0020,0.0009,78.67,861.9,0.4300,0.4263,0.4272,0.4239,1.0017,1.09527e-01,1.11490e-01,1.01682e-01,7.85218e-04,1.20698e-05,1.04127e-02
zero,1.0,16000,321.5111,4265.33,4.4265,6.4265,1.00000,3.0342e-03,1.3892e-05,0.00069,0.000000,0.99176,0.00002,0.00069,0.00755,0.99245,1.01444,0.00001,0.0462,0.0010,0.0006,148,1441,0.4348,0.4314,0.4310,0.4270,1.0161,4.51939e-02,4.58393e-02,4.10277e-02,4.02411e-04,3.02914e-06,4.36335e-03
zero,1.0,32000,321.5111,4265.33,8.9707,10.9707,1.00000,1.0057e-03,9.3691e-06,0.00029,0.000000,0.99710,0.00001,0.00029,0.00261,0.99739,1.00961,0.00001,0.0289,0.0007,0.0003,374.4,3459,0.4400,0.4379,0.4348,0.4331,1.0013,1.55496e-02,1.56960e-02,1.37627e-02,2.07985e-04,4.34055e-07,1.50185e-03
zero,1.0,64000,321.5111,4265.33,18.1257,20.1257,1.00000,2.9556e-04,3.0613e-06,0.00010,0.000000,0.99912,0.00000,0.00010,0.00078,0.99922,1.00563,0.00000,0.0165,0.0004,0.0002,1139,1.033e+04,0.4669,0.4658,0.4585,0.4571,1.0062,4.66154e-03,4.68712e-03,4.06554e-03,1.13803e-04,4.39247e-08,4.53846e-04
zero,1.0,128000,321.5111,4265.33,35.7807,37.7807,1.00000,8.1743e-05,3.1868e-07,0.00003,0.000000,0.99975,0.00000,0.00003,0.00022,0.99978,1.00309,0.00000,0.0089,0.0001,0.0001,3858,3.48e+04,0.4987,0.4982,0.4852,0.4842,0.9974,1.36241e-03,1.36631e-03,1.11143e-03,6.65210e-05,3.65817e-09,1.27293e-04
zero,2.0,500,171.8296,2279.58,0.2211,2.2211,1.00000,3.6933e-02,2.9618e-03,0.00041,0.000004,0.91730,0.00012,0.00040,0.08230,0.91767,1.00383,0.00004,0.0390,0.0061,0.0022,48.67,2454,0.4405,0.4387,0.4410,0.4391,1.0176,4.79687e-01,4.81365e-01,4.38756e-01,1.26028e-02,1.99149e-05,4.88773e-02
zero,2.0,1000,171.8296,2279.58,0.4877,2.4877,1.00000,2.5946e-02,1.7795e-03,0.00083,0.000004,0.93995,0.00010,0.00083,0.05922,0.94073,1.01168,0.00003,0.0559,0.0060,0.0018,54.62,1201,0.4334,0.4311,0.4325,0.4292,1.0058,3.60401e-01,3.64541e-01,3.33972e-01,6.18664e-03,2.94020e-05,3.53060e-02
zero,2.0,2000,171.8296,2279.58,1.0150,3.0150,1.00000,1.6187e-02,7.9957e-04,0.00117,0.000003,0.96170,0.00008,0.00117,0.03713,0.96282,1.01667,0.00002,0.0656,0.0045,0.0014,59.81,854.5,0.4260,0.4217,0.4239,0.4193,0.9984,2.32275e-01,2.36136e-01,2.13594e-01,3.11583e-03,2.57855e-05,2.20343e-02
zero,2.0,4000,171.8296,2279.58,2.0414,4.0414,1.00000,8.2208e-03,1.8303e-04,0.00119,0.000001,0.97940,0.00005,0.00119,0.01940,0.98057,1.01810,0.00001,0.0627,0.0026,0.0010,74.91,836.4,0.4262,0.4229,0.4260,0.4215,1.0126,1.18887e-01,1.21034e-01,1.10146e-01,1.55576e-03,1.34804e-05,1.12675e-02
zero,2.0,8000,171.8296,2279.58,4.1713,6.1713,1.00000,3.3185e-03,2.6824e-05,0.00074,0.000000,0.99106,0.00002,0.00074,0.00821,0.99179,1.01480,0.00001,0.0473,0.0012,0.0006,138.4,1357,0.4352,0.4326,0.4323,0.4295,0.9985,5.04987e-02,5.12315e-02,4.52725e-02,7.85218e-04,3.50367e-06,4.75197e-03
zero,2.0,16000,171.8296,2279.58,8.2824,10.2824,1.00000,1.1397e-03,8.2582e-06,0.00032,0.000000,0.99675,0.00001,0.00032,0.00293,0.99707,1.01009,0.00001,0.0305,0.0007,0.0004,332.1,3079,0.4550,0.4526,0.4505,0.4479,1.0026,1.73552e-02,1.75256e-02,1.54035e-02,4.02411e-04,5.49440e-07,1.69146e-03
zero,2.0,32000,171.8296,2279.58,16.7852,18.7852,1.00000,3.3535e-04,1.0793e-06,0.00011,0.000000,0.99900,0.00000,0.00011,0.00089,0.99911,1.00598,0.00000,0.0176,0.0003,0.0002,1015,9218,0.4829,0.4806,0.4759,0.4746,1.0017,5.37853e-03,5.40916e-03,4.58971e-03,2.07985e-04,5.56235e-08,5.12666e-04
zero,2.0,64000,171.8296,2279.58,33.9150,35.9150,1.00000,9.1536e-05,2.9980e-07,0.00003,0.000000,0.99972,0.00000,0.00003,0.00025,0.99975,1.00326,0.00000,0.0093,0.0002,0.0001,3469,3.13e+04,0.5225,0.5218,0.5172,0.5156,0.9937,1.59446e-03,1.59917e-03,1.26181e-03,1.13803e-04,4.54452e-09,1.42259e-04
zero,2.0,128000,171.8296,2279.58,66.9494,68.9494,1.00000,2.4329e-05,6.3607e-08,0.00001,0.000000,0.99993,0.00000,0.00001,0.00007,0.99993,1.00173,0.00000,0.0049,0.0001,0.0001,1.261e+04,1.136e+05,0.5821,0.5817,0.5859,0.5856,0.9981,4.72513e-04,4.73177e-04,3.31440e-04,6.65210e-05,3.37165e-10,3.82965e-05
zero,4.0,500,93.1761,1236.12,0.4077,2.4077,1.00000,2.8022e-02,1.6998e-03,0.00078,0.000003,0.93623,0.00010,0.00078,0.06300,0.93696,1.01062,0.00003,0.0550,0.0047,0.0019,52.65,1276,0.4363,0.4332,0.4341,0.4322,1.0111,3.77008e-01,3.80945e-01,3.49275e-01,1.26028e-02,2.94549e-05,3.76207e-02
zero,4.0,1000,93.1761,1236.12,0.8993,2.8993,1.00000,1.7174e-02,5.2168e-04,0.00119,0.000001,0.95918,0.00008,0.00119,0.03963,0.96033,1.01673,0.00002,0.0671,0.0029,0.0015,56.06,835.9,0.4285,0.4244,0.4273,0.4233,1.0092,2.49988e-01,2.53976e-01,2.29119e-01,6.18664e-03,2.82029e-05,2.35600e-02
zero,4.0,2000,93.1761,1236.12,1.8718,3.8718,1.00000,9.0503e-03,1.8885e-04,0.00120,0.000001,0.97759,0.00005,0.00120,0.02122,0.97876,1.01792,0.00001,0.0638,0.0023,0.0010,73.07,834.5,0.4350,0.4304,0.4320,0.4273,0.9989,1.31008e-01,1.33357e-01,1.21072e-01,3.11583e-03,1.48660e-05,1.24027e-02
zero,4.0,4000,93.1761,1236.12,3.7646,5.7646,1.00000,3.7835e-03,3.6503e-05,0.00081,0.000000,0.98989,0.00003,0.00081,0.00930,0.99070,1.01543,0.00001,0.0500,0.0012,0.0007,123.8,1228,0.4525,0.4483,0.4498,0.4457,0.9853,5.63439e-02,5.71878e-02,5.10520e-02,1.55576e-03,4.35307e-06,5.34685e-03
zero,4.0,8000,93.1761,1236.12,7.6924,9.6924,1.00000,1.2842e-03,9.1094e-06,0.00036,0.000000,0.99634,0.00001,0.00036,0.00330,0.99670,1.01059,0.00001,0.0321,0.0008,0.0004,301.1,2802,0.4673,0.4646,0.4625,0.4598,0.9892,2.02577e-02,2.04632e-02,1.76616e-02,7.85218e-04,6.80571e-07,1.90708e-03
zero,4.0,16000,93.1761,1236.12,15.2739,17.2739,1.00000,3.9176e-04,4.4976e-06,0.00013,0.000000,0.99884,0.00000,0.00013,0.00104,0.99896,1.00642,0.00000,0.0188,0.0004,0.0002,873.6,7943,0.5041,0.5029,0.5011,0.4998,1.0019,6.37767e-03,6.41550e-03,5.32216e-03,4.02411e-04,7.53129e-08,5.98248e-04
zero,4.0,32000,93.1761,1236.12,30.9541,32.9541,1.00000,1.0804e-04,0.0000e+00,0.00004,0.000000,0.99967,0.00000,0.00004,0.00029,0.99971,1.00353,0.00000,0.0102,0.0002,0.0001,2965,2.676e+04,0.5645,0.5635,0.5674,0.5660,1.0004,1.90659e-03,1.91246e-03,1.47202e-03,2.07985e-04,6.25078e-09,1.67252e-04
zero,4.0,64000,93.1761,1236.12,62.5440,64.5440,1.00000,2.8015e-05,0.0000e+00,0.00001,0.000000,0.99991,0.00000,0.00001,0.00008,0.99992,1.00185,0.00000,0.0052,0.0001,0.0001,1.111e+04,1.001e+05,0.6366,0.6362,0.6590,0.6586,1.0046,5.83313e-04,5.84151e-04,3.88173e-04,1.13803e-04,4.43610e-10,4.44134e-05
zero,4.0,128000,93.1761,1236.12,123.4640,125.4640,1.00000,7.3283e-06,0.0000e+00,0.00000,0.000000,0.99998,0.00000,0.00000,0.00002,0.99998,1.00096,0.00000,0.0027,0.0000,0.0000,4.125e+04,3.713e+05,0.7029,0.7022,0.7660,0.7659,1.0017,1.97743e-04,1.97858e-04,9.97312e-05,6.65210e-05,3.12412e-11,1.16009e-05
zero,8.0,500,51.7286,686.26,0.7344,2.7344,1.00000,1.9241e-02,7.4143e-04,0.00115,0.000002,0.95503,0.00009,0.00115,0.04383,0.95612,1.01598,0.00002,0.0652,0.0035,0.0015,54.25,868.1,0.4391,0.4351,0.4369,0.4336,1.0029,2.68330e-01,2.72466e-01,2.49083e-01,1.26028e-02,2.99268e-05,2.59964e-02
zero,8.0,1000,51.7286,686.26,1.6199,3.6199,1.00000,9.9058e-03,1.1275e-04,0.00122,0.000000,0.97517,0.00006,0.00122,0.02361,0.97636,1.01835,0.00002,0.0651,0.0020,0.0011,69.4,817.9,0.4446,0.4410,0.4435,0.4390,0.9854,1.49195e-01,1.51809e-01,1.36540e-01,6.18664e-03,1.70197e-05,1.39205e-02
zero,8.0,2000,51.7286,686.26,3.3716,5.3716,1.00000,4.3995e-03,4.2437e-05,0.00087,0.000000,0.98840,0.00003,0.00087,0.01073,0.98926,1.01583,0.00001,0.0520,0.0014,0.0007,114,1150,0.4546,0.4511,0.4519,0.4485,0.9973,6.71854e-02,6.82006e-02,5.93408e-02,3.11583e-03,5.40666e-06,6.21339e-03
zero,8.0,4000,51.7286,686.26,6.7810,8.7810,1.00000,1.5635e-03,0.0000e+00,0.00043,0.000000,0.99560,0.00001,0.00043,0.00398,0.99602,1.01143,0.00001,0.0356,0.0006,0.0004,249.4,2337,0.4919,0.4889,0.4909,0.4876,0.9973,2.44402e-02,2.47003e-02,2.10759e-02,1.55576e-03,9.73801e-07,2.27659e-03
zero,8.0,8000,51.7286,686.26,13.8559,15.8559,1.00000,4.7240e-04,2.9141e-06,0.00015,0.000000,0.99861,0.00000,0.00015,0.00124,0.99876,1.00693,0.00000,0.0203,0.0004,0.0002,730.1,6652,0.5421,0.5407,0.5422,0.5406,1.0023,7.88236e-03,7.93171e-03,6.43937e-03,7.85218e-04,1.07468e-07,7.14978e-04
zero,8.0,16000,51.7286,686.26,27.5121,29.5121,1.00000,1.3280e-04,4.6721e-07,0.00005,0.000000,0.99960,0.00000,0.00005,0.00036,0.99964,1.00389,0.00000,0.0112,0.0002,0.0001,2424,2.189e+04,0.6231,0.6221,0.6249,0.6243,0.9999,2.40932e-03,2.41705e-03,1.79654e-03,4.02411e-04,9.40800e-09,2.05976e-04
zero,8.0,32000,51.7286,686.26,55.7561,57.7561,1.00000,3.4813e-05,2.5489e-07,0.00001,0.000000,0.99989,0.00000,0.00001,0.00009,0.99991,1.00206,0.00000,0.0059,0.0001,0.0001,8935,8.048e+04,0.6998,0.6997,0.7259,0.7254,1.0045,7.78827e-04,7.79956e-04,4.75741e-04,2.07985e-04,6.78024e-10,5.45755e-05
zero,8.0,64000,51.7286,686.26,112.6573,114.6573,1.00000,8.9586e-06,5.1652e-08,0.00000,0.000000,0.99997,0.00000,0.00000,0.00002,0.99998,1.00105,0.00000,0.0030,0.0001,0.0000,3.382e+04,3.044e+05,0.7770,0.7768,0.8217,0.8215,1.0067,2.69688e-04,2.69844e-04,1.22577e-04,1.13803e-04,4.63751e-11,1.41167e-05
zero,8.0,128000,51.7286,686.26,222.3894,224.3894,1.00000,2.2924e-06,8.8601e-09,0.00000,0.000000,0.99999,0.00000,0.00000,0.00001,0.99999,1.00054,0.00000,0.0015,0.0000,0.0000,1.3e+05,1.17e+06,0.8115,0.8115,0.8856,0.8855,1.0070,1.12280e-04,1.12301e-04,3.11179e-05,6.65210e-05,3.09146e-12,3.61835e-06
