dataset,eps,method,vs,mean_diff,ci95_halfwidth,rel_diff,verdict
3droad,0.01,vfl,adassp,-3.274e-05,9.06e-06,-0.001233,better
3droad,0.01,vfl,adassp_matched,-7.577e-05,2.11e-05,-0.00285,better
3droad,0.01,vfl,vfl_uncorrected,9.972e-09,8.73e-09,3.762e-07,worse
3droad,0.02,vfl,adassp,-4.732e-06,1.76e-06,-0.0001787,better
3droad,0.02,vfl,adassp_matched,-2.091e-05,2.89e-06,-0.0007895,better
3droad,0.02,vfl,vfl_uncorrected,3.034e-09,2.07e-09,1.146e-07,worse
3droad,0.05,vfl,adassp,-4.234e-07,8.48e-07,-1.601e-05,no difference
3droad,0.05,vfl,adassp_matched,-3.979e-06,1.12e-06,-0.0001504,better
3droad,0.05,vfl,vfl_uncorrected,3.666e-10,4.39e-10,1.386e-08,no difference
3droad,0.1,vfl,adassp,-2.316e-09,4.11e-07,-8.755e-08,no difference
3droad,0.1,vfl,adassp_matched,-1.129e-06,4.58e-07,-4.268e-05,better
3droad,0.1,vfl,vfl_uncorrected,6.528e-11,1.11e-10,2.468e-09,no difference
3droad,0.2,vfl,adassp,1.455e-07,1.56e-07,5.502e-06,no difference
3droad,0.2,vfl,adassp_matched,-2.512e-07,2.6e-07,-9.496e-06,no difference
3droad,0.2,vfl,vfl_uncorrected,9.463e-12,3.22e-11,3.577e-10,no difference
3droad,0.5,vfl,adassp,7.647e-09,6.13e-08,2.891e-07,no difference
3droad,0.5,vfl,adassp_matched,-3.88e-08,8.27e-08,-1.467e-06,no difference
3droad,0.5,vfl,vfl_uncorrected,6.018e-13,5.81e-12,2.275e-11,no difference
3droad,1,vfl,adassp,-7.425e-09,3.75e-08,-2.807e-07,no difference
3droad,1,vfl,adassp_matched,-1.033e-08,5.46e-08,-3.905e-07,no difference
3droad,1,vfl,vfl_uncorrected,1.04e-13,1.61e-12,3.932e-12,no difference
3droad,2,vfl,adassp,2.297e-09,1.14e-08,8.685e-08,no difference
3droad,2,vfl,adassp_matched,-1.206e-08,1.3e-08,-4.56e-07,no difference
3droad,2,vfl,vfl_uncorrected,1.258e-14,4.52e-13,4.755e-13,no difference
3droad,5,vfl,adassp,-3.062e-09,6.38e-09,-1.158e-07,no difference
3droad,5,vfl,adassp_matched,-1.291e-09,5.5e-09,-4.882e-08,no difference
3droad,5,vfl,vfl_uncorrected,8.396e-16,8.75e-14,3.174e-14,no difference
3droad,10,vfl,adassp,-3.426e-10,5.55e-09,-1.295e-08,no difference
3droad,10,vfl,adassp_matched,-5.656e-10,6.3e-09,-2.138e-08,no difference
3droad,10,vfl,vfl_uncorrected,1.145e-16,2.67e-14,4.328e-15,no difference
airfoil,0.01,vfl,adassp,-0.02118,0.0037,-0.1584,better
airfoil,0.01,vfl,adassp_matched,-0.02839,0.00621,-0.2015,better
airfoil,0.01,vfl,vfl_uncorrected,-0.00153,0.000177,-0.01342,better
airfoil,0.02,vfl,adassp,-0.01862,0.0042,-0.1455,better
airfoil,0.02,vfl,adassp_matched,-0.03104,0.00661,-0.2211,better
airfoil,0.02,vfl,vfl_uncorrected,-0.001164,0.000149,-0.01054,better
airfoil,0.05,vfl,adassp,-0.009466,0.00424,-0.08308,better
airfoil,0.05,vfl,adassp_matched,-0.01776,0.0036,-0.1453,better
airfoil,0.05,vfl,vfl_uncorrected,-0.0007024,0.000216,-0.006679,better
airfoil,0.1,vfl,adassp,-0.002071,0.00294,-0.02126,no difference
airfoil,0.1,vfl,adassp_matched,-0.01532,0.00453,-0.1384,better
airfoil,0.1,vfl,vfl_uncorrected,-0.0001039,0.000117,-0.001089,no difference
airfoil,0.2,vfl,adassp,0.00408,0.00165,0.05017,worse
airfoil,0.2,vfl,adassp_matched,-0.006011,0.0025,-0.06575,better
airfoil,0.2,vfl,vfl_uncorrected,0.0002206,7.07e-05,0.00259,worse
airfoil,0.5,vfl,adassp,0.004184,0.00131,0.064,worse
airfoil,0.5,vfl,adassp_matched,-0.00363,0.00108,-0.0496,better
airfoil,0.5,vfl,vfl_uncorrected,0.0002607,6.23e-05,0.003762,worse
airfoil,1,vfl,adassp,0.003756,0.00162,0.06482,worse
airfoil,1,vfl,adassp_matched,-0.0008347,0.00103,-0.01335,no difference
airfoil,1,vfl,vfl_uncorrected,0.000128,3.95e-05,0.002079,worse
airfoil,2,vfl,adassp,0.002383,0.00173,0.04384,worse
airfoil,2,vfl,adassp_matched,7.64e-05,0.000568,0.001348,no difference
airfoil,2,vfl,vfl_uncorrected,4.329e-05,2.08e-05,0.0007636,worse
airfoil,5,vfl,adassp,0.0007128,0.00124,0.01332,no difference
airfoil,5,vfl,adassp_matched,0.0002911,0.0013,0.005395,no difference
airfoil,5,vfl,vfl_uncorrected,7.505e-06,6.91e-06,0.0001384,worse
airfoil,10,vfl,adassp,0.0002382,0.000746,0.004465,no difference
airfoil,10,vfl,adassp_matched,7.3e-05,0.000692,0.001364,no difference
airfoil,10,vfl,vfl_uncorrected,1.681e-06,2.63e-06,3.138e-05,no difference
autompg,0.01,vfl,adassp,-0.02352,0.00539,-0.1685,better
autompg,0.01,vfl,adassp_matched,-0.02188,0.00616,-0.1586,better
autompg,0.01,vfl,vfl_uncorrected,-0.0009284,0.000287,-0.007933,better
autompg,0.02,vfl,adassp,-0.0101,0.00463,-0.07981,better
autompg,0.02,vfl,adassp_matched,-0.0185,0.00607,-0.137,better
autompg,0.02,vfl,vfl_uncorrected,-0.001026,0.000259,-0.008728,better
autompg,0.05,vfl,adassp,-0.006021,0.00584,-0.05089,better
autompg,0.05,vfl,adassp_matched,-0.02258,0.00625,-0.1675,better
autompg,0.05,vfl,vfl_uncorrected,-0.0006105,0.000291,-0.005407,better
autompg,0.1,vfl,adassp,-0.0009834,0.00496,-0.009576,no difference
autompg,0.1,vfl,adassp_matched,-0.01271,0.00592,-0.1111,better
autompg,0.1,vfl,vfl_uncorrected,-0.000149,0.000178,-0.001463,no difference
autompg,0.2,vfl,adassp,0.001155,0.00559,0.01334,no difference
autompg,0.2,vfl,adassp_matched,-0.01016,0.00375,-0.1038,better
autompg,0.2,vfl,vfl_uncorrected,0.0004744,0.000199,0.005434,worse
autompg,0.5,vfl,adassp,0.006543,0.00212,0.1139,worse
autompg,0.5,vfl,adassp_matched,-0.009352,0.00276,-0.1275,better
autompg,0.5,vfl,vfl_uncorrected,0.0006735,0.000203,0.01063,worse
autompg,1,vfl,adassp,0.006255,0.00254,0.1449,worse
autompg,1,vfl,adassp_matched,-0.005509,0.00216,-0.1003,better
autompg,1,vfl,vfl_uncorrected,0.0005487,0.000156,0.01123,worse
autompg,2,vfl,adassp,0.004453,0.000974,0.1313,worse
autompg,2,vfl,adassp_matched,-0.002287,0.00121,-0.05625,better
autompg,2,vfl,vfl_uncorrected,0.0003201,0.0001,0.008412,worse
autompg,5,vfl,adassp,0.002524,0.000679,0.09188,worse
autompg,5,vfl,adassp_matched,-0.001291,0.000319,-0.04124,better
autompg,5,vfl,vfl_uncorrected,0.0001482,4.64e-05,0.004965,worse
autompg,10,vfl,adassp,0.001922,0.000652,0.07661,worse
autompg,10,vfl,adassp_matched,-0.000336,0.000336,-0.01229,better
autompg,10,vfl,vfl_uncorrected,8.274e-05,2.46e-05,0.003073,worse
autos,0.01,vfl,adassp,-0.002239,0.00505,-0.01667,no difference
autos,0.01,vfl,adassp_matched,-0.0005713,0.00575,-0.004309,no difference
autos,0.01,vfl,vfl_uncorrected,-0.0003582,0.000167,-0.002706,better
autos,0.02,vfl,adassp,-0.002106,0.00352,-0.0159,no difference
autos,0.02,vfl,adassp_matched,-0.003663,0.00336,-0.02733,better
autos,0.02,vfl,vfl_uncorrected,-0.0001958,0.00018,-0.0015,better
autos,0.05,vfl,adassp,-0.0007991,0.00397,-0.006189,no difference
autos,0.05,vfl,adassp_matched,-0.006706,0.00428,-0.04967,better
autos,0.05,vfl,vfl_uncorrected,-5.905e-05,0.000169,-0.00046,no difference
autos,0.1,vfl,adassp,-0.00348,0.00375,-0.02636,no difference
autos,0.1,vfl,adassp_matched,-0.00328,0.0029,-0.02489,better
autos,0.1,vfl,vfl_uncorrected,-0.0001327,0.000154,-0.001031,no difference
autos,0.2,vfl,adassp,0.002339,0.0026,0.01895,no difference
autos,0.2,vfl,adassp_matched,-0.002773,0.00338,-0.02157,no difference
autos,0.2,vfl,vfl_uncorrected,5.142e-05,0.000177,0.0004089,no difference
autos,0.5,vfl,adassp,0.004695,0.00263,0.04223,worse
autos,0.5,vfl,adassp_matched,-0.00421,0.00269,-0.03506,better
autos,0.5,vfl,vfl_uncorrected,0.0005903,0.00018,0.00512,worse
autos,1,vfl,adassp,0.009325,0.00338,0.09717,worse
autos,1,vfl,adassp_matched,-0.00285,0.00235,-0.02636,better
autos,1,vfl,vfl_uncorrected,0.001004,0.000216,0.009627,worse
autos,2,vfl,adassp,0.01205,0.00257,0.1577,worse
autos,2,vfl,adassp_matched,-0.005329,0.00317,-0.05684,better
autos,2,vfl,vfl_uncorrected,0.001433,0.000284,0.01647,worse
autos,5,vfl,adassp,0.0134,0.00302,0.2634,worse
autos,5,vfl,adassp_matched,-0.003882,0.00175,-0.05695,better
autos,5,vfl,vfl_uncorrected,0.001358,0.000319,0.02158,worse
autos,10,vfl,adassp,0.009592,0.00285,0.2482,worse
autos,10,vfl,adassp_matched,-0.003453,0.00101,-0.06679,better
autos,10,vfl,vfl_uncorrected,0.0009521,0.000262,0.02013,worse
bike,0.01,vfl,adassp,-0.001013,0.00127,-0.01071,no difference
bike,0.01,vfl,adassp_matched,-0.004794,0.00192,-0.04873,better
bike,0.01,vfl,vfl_uncorrected,0.000503,4.47e-05,0.005404,worse
bike,0.02,vfl,adassp,0.00124,0.0017,0.01537,no difference
bike,0.02,vfl,adassp_matched,-0.004175,0.00169,-0.04847,better
bike,0.02,vfl,vfl_uncorrected,0.0008655,6.23e-05,0.01067,worse
bike,0.05,vfl,adassp,0.004069,0.000995,0.06807,worse
bike,0.05,vfl,adassp_matched,-0.002876,0.00101,-0.04311,better
bike,0.05,vfl,vfl_uncorrected,0.0009462,2.92e-05,0.01504,worse
bike,0.1,vfl,adassp,0.003634,0.000575,0.07886,worse
bike,0.1,vfl,adassp_matched,-0.003113,0.000634,-0.05893,better
bike,0.1,vfl,vfl_uncorrected,0.0007036,2.45e-05,0.01436,worse
bike,0.2,vfl,adassp,0.002872,0.000132,0.07837,worse
bike,0.2,vfl,adassp_matched,-0.001937,0.000221,-0.04673,better
bike,0.2,vfl,vfl_uncorrected,0.0004008,1.28e-05,0.01025,worse
bike,0.5,vfl,adassp,0.001446,8.19e-05,0.04734,worse
bike,0.5,vfl,adassp_matched,-0.0008533,0.000111,-0.02598,better
bike,0.5,vfl,vfl_uncorrected,0.0001353,6.32e-06,0.004249,worse
bike,1,vfl,adassp,0.0007022,8.73e-05,0.02436,worse
bike,1,vfl,adassp_matched,-0.0004098,5.65e-05,-0.01369,better
bike,1,vfl,vfl_uncorrected,4.823e-05,3.66e-06,0.001636,worse
bike,2,vfl,adassp,0.0002973,5.8e-05,0.01054,worse
bike,2,vfl,adassp_matched,-0.0001539,3.56e-05,-0.005372,better
bike,2,vfl,vfl_uncorrected,1.493e-05,1.9e-06,0.0005243,worse
bike,5,vfl,adassp,8.144e-05,2.88e-05,0.002911,worse
bike,5,vfl,adassp_matched,-4.1e-05,7.63e-06,-0.001459,better
bike,5,vfl,vfl_uncorrected,2.861e-06,7.89e-07,0.000102,worse
bike,10,vfl,adassp,2.916e-05,1.79e-05,0.001044,worse
bike,10,vfl,adassp_matched,-1.872e-05,4.32e-06,-0.0006689,better
bike,10,vfl,vfl_uncorrected,8.126e-07,4.01e-07,2.906e-05,worse
breastcancer,0.01,vfl,adassp,-0.0005384,0.00194,-0.00274,no difference
breastcancer,0.01,vfl,adassp_matched,-0.001888,0.00162,-0.009543,better
breastcancer,0.01,vfl,vfl_uncorrected,-0.0002503,5.81e-05,-0.001276,better
breastcancer,0.02,vfl,adassp,-0.0009567,0.00266,-0.004851,no difference
breastcancer,0.02,vfl,adassp_matched,-0.001825,0.00171,-0.009215,better
breastcancer,0.02,vfl,vfl_uncorrected,-0.0002581,6e-05,-0.001313,better
breastcancer,0.05,vfl,adassp,-0.001151,0.00196,-0.005819,no difference
breastcancer,0.05,vfl,adassp_matched,-0.0002223,0.00241,-0.001129,no difference
breastcancer,0.05,vfl,vfl_uncorrected,-0.0002747,8.68e-05,-0.001395,better
breastcancer,0.1,vfl,adassp,-0.001571,0.00243,-0.007973,no difference
breastcancer,0.1,vfl,adassp_matched,-0.0002515,0.00225,-0.001285,no difference
breastcancer,0.1,vfl,vfl_uncorrected,-0.0002002,0.000115,-0.001023,better
breastcancer,0.2,vfl,adassp,0.0004,0.000925,0.002061,no difference
breastcancer,0.2,vfl,adassp_matched,-0.001755,0.00234,-0.008942,no difference
breastcancer,0.2,vfl,vfl_uncorrected,-0.000154,6.81e-05,-0.0007913,better
breastcancer,0.5,vfl,adassp,0.001153,0.00146,0.006011,no difference
breastcancer,0.5,vfl,adassp_matched,0.0006003,0.00158,0.003122,no difference
breastcancer,0.5,vfl,vfl_uncorrected,-8.44e-05,7.8e-05,-0.0004373,better
breastcancer,1,vfl,adassp,0.001134,0.00151,0.006058,no difference
breastcancer,1,vfl,adassp_matched,-0.00298,0.00223,-0.01558,better
breastcancer,1,vfl,vfl_uncorrected,0.0001223,0.000129,0.0006499,no difference
breastcancer,2,vfl,adassp,0.004252,0.00224,0.02371,worse
breastcancer,2,vfl,adassp_matched,-0.002908,0.00214,-0.0156,better
breastcancer,2,vfl,vfl_uncorrected,0.0002617,0.000154,0.001428,worse
breastcancer,5,vfl,adassp,0.005368,0.00208,0.03203,worse
breastcancer,5,vfl,adassp_matched,-0.003241,0.00117,-0.01839,better
breastcancer,5,vfl,vfl_uncorrected,0.0004557,0.000207,0.002641,worse
breastcancer,10,vfl,adassp,0.007572,0.00255,0.04813,worse
breastcancer,10,vfl,adassp_matched,-0.001603,0.00113,-0.009625,better
breastcancer,10,vfl,vfl_uncorrected,0.000442,0.000222,0.002688,worse
concrete,0.01,vfl,adassp,-0.01334,0.00322,-0.09119,better
concrete,0.01,vfl,adassp_matched,-0.01427,0.00335,-0.09695,better
concrete,0.01,vfl,vfl_uncorrected,-0.0008559,0.000119,-0.006396,better
concrete,0.02,vfl,adassp,-0.01335,0.00347,-0.09294,better
concrete,0.02,vfl,adassp_matched,-0.01449,0.00591,-0.1001,better
concrete,0.02,vfl,vfl_uncorrected,-0.0006474,0.000133,-0.004944,better
concrete,0.05,vfl,adassp,-0.006855,0.00329,-0.05094,better
concrete,0.05,vfl,adassp_matched,-0.0122,0.00266,-0.08718,better
concrete,0.05,vfl,vfl_uncorrected,-0.0004819,0.000176,-0.003759,better
concrete,0.1,vfl,adassp,-0.001913,0.00347,-0.01572,no difference
concrete,0.1,vfl,adassp_matched,-0.01154,0.00332,-0.08782,better
concrete,0.1,vfl,vfl_uncorrected,-2.657e-05,0.00013,-0.0002216,no difference
concrete,0.2,vfl,adassp,0.004022,0.00256,0.0377,worse
concrete,0.2,vfl,adassp_matched,-0.00748,0.00328,-0.06329,better
concrete,0.2,vfl,vfl_uncorrected,0.0003608,0.000158,0.00327,worse
concrete,0.5,vfl,adassp,0.01058,0.00315,0.1305,worse
concrete,0.5,vfl,adassp_matched,-0.002858,0.00303,-0.03026,no difference
concrete,0.5,vfl,vfl_uncorrected,0.0006495,0.000108,0.00714,worse
concrete,1,vfl,adassp,0.00935,0.00155,0.1423,worse
concrete,1,vfl,adassp_matched,-0.00234,0.00168,-0.03023,better
concrete,1,vfl,vfl_uncorrected,0.0005736,0.000101,0.0077,worse
concrete,2,vfl,adassp,0.007003,0.00147,0.1275,worse
concrete,2,vfl,adassp_matched,-0.001283,0.000788,-0.02029,better
concrete,2,vfl,vfl_uncorrected,0.0003544,7.09e-05,0.005755,worse
concrete,5,vfl,adassp,0.003436,0.00105,0.07145,worse
concrete,5,vfl,adassp_matched,-0.000623,0.000364,-0.01195,better
concrete,5,vfl,vfl_uncorrected,0.0001188,3.96e-05,0.00231,worse
concrete,10,vfl,adassp,0.00185,0.000829,0.04028,worse
concrete,10,vfl,adassp_matched,-0.0003377,0.000192,-0.007018,better
concrete,10,vfl,vfl_uncorrected,4.202e-05,2.13e-05,0.0008801,worse
concreteslump,0.01,vfl,adassp,-0.01814,0.00813,-0.1012,better
concreteslump,0.01,vfl,adassp_matched,-0.02524,0.007,-0.1355,better
concreteslump,0.01,vfl,vfl_uncorrected,-0.001463,0.00023,-0.009004,better
concreteslump,0.02,vfl,adassp,-0.01483,0.00594,-0.08593,better
concreteslump,0.02,vfl,adassp_matched,-0.02071,0.00619,-0.1161,better
concreteslump,0.02,vfl,vfl_uncorrected,-0.001139,0.0002,-0.007171,better
concreteslump,0.05,vfl,adassp,-0.01283,0.00447,-0.07454,better
concreteslump,0.05,vfl,adassp_matched,-0.02246,0.0127,-0.1236,better
concreteslump,0.05,vfl,vfl_uncorrected,-0.001149,0.000225,-0.007159,better
concreteslump,0.1,vfl,adassp,-0.01814,0.00567,-0.1032,better
concreteslump,0.1,vfl,adassp_matched,-0.01861,0.00533,-0.1056,better
concreteslump,0.1,vfl,vfl_uncorrected,-0.001143,0.000344,-0.007201,better
concreteslump,0.2,vfl,adassp,-0.009546,0.00462,-0.05694,better
concreteslump,0.2,vfl,adassp_matched,-0.0218,0.00769,-0.1212,better
concreteslump,0.2,vfl,vfl_uncorrected,-0.001041,0.000278,-0.00654,better
concreteslump,0.5,vfl,adassp,-0.008091,0.00373,-0.04984,better
concreteslump,0.5,vfl,adassp_matched,-0.01358,0.00496,-0.08091,better
concreteslump,0.5,vfl,vfl_uncorrected,-0.0007353,0.000217,-0.004745,better
concreteslump,1,vfl,adassp,-0.005819,0.00456,-0.03811,better
concreteslump,1,vfl,adassp_matched,-0.01254,0.00539,-0.07867,better
concreteslump,1,vfl,vfl_uncorrected,-0.0001518,0.000229,-0.001032,no difference
concreteslump,2,vfl,adassp,0.005211,0.00427,0.03879,worse
concreteslump,2,vfl,adassp_matched,-0.008819,0.0038,-0.05945,better
concreteslump,2,vfl,vfl_uncorrected,0.0002078,0.00023,0.001492,no difference
concreteslump,5,vfl,adassp,0.01503,0.00455,0.1357,worse
concreteslump,5,vfl,adassp_matched,-0.001565,0.00494,-0.01229,no difference
concreteslump,5,vfl,vfl_uncorrected,0.0006592,0.000227,0.005268,worse
concreteslump,10,vfl,adassp,0.01903,0.00394,0.213,worse
concreteslump,10,vfl,adassp_matched,-0.002579,0.00415,-0.02325,no difference
concreteslump,10,vfl,vfl_uncorrected,0.0009176,0.000218,0.008541,worse
elevators,0.01,vfl,adassp,-0.002475,0.00113,-0.06665,better
elevators,0.01,vfl,adassp_matched,-0.003726,0.000927,-0.09705,better
elevators,0.01,vfl,vfl_uncorrected,-3.047e-05,2.75e-05,-0.0008782,better
elevators,0.02,vfl,adassp,-0.001526,0.000825,-0.04578,better
elevators,0.02,vfl,adassp_matched,-0.003238,0.000529,-0.09237,better
elevators,0.02,vfl,vfl_uncorrected,7.433e-05,1.3e-05,0.002341,worse
elevators,0.05,vfl,adassp,-0.0003779,0.000168,-0.01346,better
elevators,0.05,vfl,adassp_matched,-0.002221,0.000394,-0.07424,better
elevators,0.05,vfl,vfl_uncorrected,0.0001233,1.07e-05,0.004471,worse
elevators,0.1,vfl,adassp,0.0005634,0.00029,0.0232,worse
elevators,0.1,vfl,adassp_matched,-0.001204,0.000255,-0.04621,better
elevators,0.1,vfl,vfl_uncorrected,0.0001246,1.26e-05,0.005041,worse
elevators,0.2,vfl,adassp,0.001138,0.000154,0.05466,worse
elevators,0.2,vfl,adassp_matched,-0.0008459,0.000152,-0.03708,better
elevators,0.2,vfl,vfl_uncorrected,0.0001307,6.3e-06,0.005988,worse
elevators,0.5,vfl,adassp,0.001736,0.000186,0.1068,worse
elevators,0.5,vfl,adassp_matched,-0.0006491,0.000138,-0.03483,better
elevators,0.5,vfl,vfl_uncorrected,0.0001404,3.52e-06,0.007867,worse
elevators,1,vfl,adassp,0.001735,9.53e-05,0.1321,worse
elevators,1,vfl,adassp_matched,-0.0005605,8.36e-05,-0.03632,better
elevators,1,vfl,vfl_uncorrected,0.0001274,4e-06,0.008644,worse
elevators,2,vfl,adassp,0.001369,7.37e-05,0.1274,worse
elevators,2,vfl,adassp_matched,-0.0003466,8.13e-05,-0.02781,better
elevators,2,vfl,vfl_uncorrected,9.185e-05,3.79e-06,0.007638,worse
elevators,5,vfl,adassp,0.0006742,4.24e-05,0.07345,worse
elevators,5,vfl,adassp_matched,-0.0002024,2.66e-05,-0.02012,better
elevators,5,vfl,vfl_uncorrected,4.04e-05,2.21e-06,0.004117,worse
elevators,10,vfl,adassp,0.0003226,3.52e-05,0.03675,worse
elevators,10,vfl,adassp_matched,-9.55e-05,1.81e-05,-0.01038,better
elevators,10,vfl,vfl_uncorrected,1.735e-05,1.67e-06,0.00191,worse
energy,0.01,vfl,adassp,-0.008857,0.0116,-0.03632,no difference
energy,0.01,vfl,adassp_matched,-0.01914,0.0068,-0.07531,better
energy,0.01,vfl,vfl_uncorrected,-0.0006536,0.000283,-0.002773,better
energy,0.02,vfl,adassp,-0.001321,0.00905,-0.005827,no difference
energy,0.02,vfl,adassp_matched,-0.008427,0.00642,-0.03605,better
energy,0.02,vfl,vfl_uncorrected,-0.0001661,0.000287,-0.0007365,no difference
energy,0.05,vfl,adassp,0.009086,0.00818,0.04647,worse
energy,0.05,vfl,adassp_matched,-0.01306,0.00904,-0.05999,better
energy,0.05,vfl,vfl_uncorrected,0.0007445,0.00027,0.003652,worse
energy,0.1,vfl,adassp,0.01615,0.00409,0.1008,worse
energy,0.1,vfl,adassp_matched,-0.004174,0.00754,-0.02311,no difference
energy,0.1,vfl,vfl_uncorrected,0.001521,0.000154,0.008693,worse
energy,0.2,vfl,adassp,0.01795,0.00443,0.1474,worse
energy,0.2,vfl,adassp_matched,-0.007871,0.00568,-0.05335,better
energy,0.2,vfl,vfl_uncorrected,0.002024,0.000173,0.0147,worse
energy,0.5,vfl,adassp,0.01914,0.00207,0.2675,worse
energy,0.5,vfl,adassp_matched,-0.004115,0.00263,-0.0434,better
energy,0.5,vfl,vfl_uncorrected,0.001632,0.000124,0.01832,worse
energy,1,vfl,adassp,0.01458,0.00207,0.3144,worse
energy,1,vfl,adassp_matched,-0.002353,0.00139,-0.03716,better
energy,1,vfl,vfl_uncorrected,0.001004,8.96e-05,0.01674,worse
energy,2,vfl,adassp,0.008476,0.000867,0.2528,worse
energy,2,vfl,adassp_matched,-0.00171,0.000491,-0.03912,better
energy,2,vfl,vfl_uncorrected,0.0004936,5.2e-05,0.01189,worse
energy,5,vfl,adassp,0.003134,0.000578,0.1167,worse
energy,5,vfl,adassp_matched,-0.0007864,0.000293,-0.02555,better
energy,5,vfl,vfl_uncorrected,0.0001568,3.09e-05,0.005255,worse
energy,10,vfl,adassp,0.001526,0.000429,0.06077,worse
energy,10,vfl,adassp_matched,-0.0003001,0.000121,-0.01114,better
energy,10,vfl,vfl_uncorrected,6.285e-05,2.17e-05,0.002366,worse
fertility,0.01,vfl,adassp,-0.009618,0.00277,-0.08446,better
fertility,0.01,vfl,adassp_matched,-0.01313,0.00342,-0.1119,better
fertility,0.01,vfl,vfl_uncorrected,-0.000972,0.000127,-0.009236,better
fertility,0.02,vfl,adassp,-0.01172,0.00475,-0.1008,better
fertility,0.02,vfl,adassp_matched,-0.01167,0.00264,-0.1003,better
fertility,0.02,vfl,vfl_uncorrected,-0.001011,0.000154,-0.009571,better
fertility,0.05,vfl,adassp,-0.01187,0.00339,-0.103,better
fertility,0.05,vfl,adassp_matched,-0.0144,0.00306,-0.1223,better
fertility,0.05,vfl,vfl_uncorrected,-0.0008621,0.000168,-0.00827,better
fertility,0.1,vfl,adassp,-0.009943,0.00336,-0.08749,better
fertility,0.1,vfl,adassp_matched,-0.01379,0.00247,-0.1174,better
fertility,0.1,vfl,vfl_uncorrected,-0.0009384,8.21e-05,-0.008968,better
fertility,0.2,vfl,adassp,-0.008628,0.00289,-0.07741,better
fertility,0.2,vfl,adassp_matched,-0.01414,0.00438,-0.1209,better
fertility,0.2,vfl,vfl_uncorrected,-0.0008366,0.000162,-0.00807,better
fertility,0.5,vfl,adassp,-0.009234,0.00241,-0.0833,better
fertility,0.5,vfl,adassp_matched,-0.0137,0.00251,-0.1188,better
fertility,0.5,vfl,vfl_uncorrected,-0.0007252,0.000113,-0.007085,better
fertility,1,vfl,adassp,-0.006095,0.00369,-0.05654,better
fertility,1,vfl,adassp_matched,-0.00916,0.00276,-0.08263,better
fertility,1,vfl,vfl_uncorrected,-0.0006701,0.000126,-0.006546,better
fertility,2,vfl,adassp,-0.002653,0.00375,-0.02567,no difference
fertility,2,vfl,adassp_matched,-0.008126,0.00358,-0.07468,better
fertility,2,vfl,vfl_uncorrected,-0.0005311,0.000157,-0.005247,better
fertility,5,vfl,adassp,0.0005333,0.00294,0.005626,no difference
fertility,5,vfl,adassp_matched,-0.005748,0.00245,-0.05688,better
fertility,5,vfl,vfl_uncorrected,-0.0002163,0.000127,-0.002264,better
fertility,10,vfl,adassp,0.002169,0.00386,0.0243,no difference
fertility,10,vfl,adassp_matched,-0.003869,0.00215,-0.04061,better
fertility,10,vfl,vfl_uncorrected,-8.594e-05,0.000128,-0.0009395,no difference
forest,0.01,vfl,adassp,-0.005876,0.000965,-0.08637,better
forest,0.01,vfl,adassp_matched,-0.007532,0.00175,-0.1081,better
forest,0.01,vfl,vfl_uncorrected,-0.0007266,6.75e-05,-0.01155,better
forest,0.02,vfl,adassp,-0.007059,0.00115,-0.1028,better
forest,0.02,vfl,adassp_matched,-0.007986,0.00175,-0.1148,better
forest,0.02,vfl,vfl_uncorrected,-0.0006701,5.88e-05,-0.01076,better
forest,0.05,vfl,adassp,-0.006913,0.00134,-0.1012,better
forest,0.05,vfl,adassp_matched,-0.007812,0.00134,-0.1129,better
forest,0.05,vfl,vfl_uncorrected,-0.0006093,3.82e-05,-0.009827,better
forest,0.1,vfl,adassp,-0.006116,0.000699,-0.0915,better
forest,0.1,vfl,adassp_matched,-0.00795,0.00147,-0.1158,better
forest,0.1,vfl,vfl_uncorrected,-0.0005359,4.28e-05,-0.008748,better
forest,0.2,vfl,adassp,-0.004672,0.000887,-0.07119,better
forest,0.2,vfl,adassp_matched,-0.006595,0.00137,-0.09764,better
forest,0.2,vfl,vfl_uncorrected,-0.0005382,3.95e-05,-0.008753,better
forest,0.5,vfl,adassp,-0.00382,0.000658,-0.05976,better
forest,0.5,vfl,adassp_matched,-0.005533,0.00132,-0.08429,better
forest,0.5,vfl,vfl_uncorrected,-0.0003657,3.13e-05,-0.006048,better
forest,1,vfl,adassp,-0.001912,0.000742,-0.03137,better
forest,1,vfl,adassp_matched,-0.004655,0.000823,-0.07309,better
forest,1,vfl,vfl_uncorrected,-0.0002252,2.06e-05,-0.0038,better
forest,2,vfl,adassp,-0.0006644,0.000623,-0.01122,better
forest,2,vfl,adassp_matched,-0.002718,0.000625,-0.04438,better
forest,2,vfl,vfl_uncorrected,-0.0001363,2e-05,-0.002323,better
forest,5,vfl,adassp,-0.0002449,0.000466,-0.004244,no difference
forest,5,vfl,adassp_matched,-0.001131,0.000374,-0.0193,better
forest,5,vfl,vfl_uncorrected,-4.902e-05,1.54e-05,-0.0008524,better
forest,10,vfl,adassp,-8.75e-05,0.000286,-0.001533,no difference
forest,10,vfl,adassp_matched,-0.00075,0.000376,-0.01299,better
forest,10,vfl,vfl_uncorrected,-1.984e-05,1.01e-05,-0.000348,better
gas,0.01,vfl,adassp,0.0002396,0.000821,0.002181,no difference
gas,0.01,vfl,adassp_matched,0.0001651,0.00119,0.001502,no difference
gas,0.01,vfl,vfl_uncorrected,0.000118,5.63e-05,0.001073,worse
gas,0.02,vfl,adassp,-7.7e-05,0.00129,-0.000725,no difference
gas,0.02,vfl,adassp_matched,-0.00173,0.00122,-0.01604,better
gas,0.02,vfl,vfl_uncorrected,0.0003448,4.81e-05,0.003259,worse
gas,0.05,vfl,adassp,0.001064,0.00125,0.01093,no difference
gas,0.05,vfl,adassp_matched,-0.002752,0.000999,-0.0272,better
gas,0.05,vfl,vfl_uncorrected,0.0006904,5.14e-05,0.007066,worse
gas,0.1,vfl,adassp,0.001434,0.000635,0.0164,worse
gas,0.1,vfl,adassp_matched,-0.004435,0.00105,-0.04752,better
gas,0.1,vfl,vfl_uncorrected,0.001009,6.22e-05,0.01149,worse
gas,0.2,vfl,adassp,0.002301,0.000589,0.03117,worse
gas,0.2,vfl,adassp_matched,-0.005697,0.000548,-0.06963,better
gas,0.2,vfl,vfl_uncorrected,0.001199,7e-05,0.01601,worse
gas,0.5,vfl,adassp,0.003236,0.000509,0.05744,worse
gas,0.5,vfl,adassp_matched,-0.004611,0.000477,-0.07184,better
gas,0.5,vfl,vfl_uncorrected,0.001028,7.82e-05,0.01756,worse
gas,1,vfl,adassp,0.002684,0.000306,0.0565,worse
gas,1,vfl,adassp_matched,-0.003203,0.000421,-0.06,better
gas,1,vfl,vfl_uncorrected,0.0006956,6.8e-05,0.01406,worse
gas,2,vfl,adassp,0.001941,0.000334,0.04604,worse
gas,2,vfl,adassp_matched,-0.00188,0.000248,-0.0409,better
gas,2,vfl,vfl_uncorrected,0.0004469,4.8e-05,0.01024,worse
gas,5,vfl,adassp,0.001717,0.000165,0.04555,worse
gas,5,vfl,adassp_matched,-0.001013,0.000122,-0.02507,better
gas,5,vfl,vfl_uncorrected,0.0002869,2.75e-05,0.007336,worse
gas,10,vfl,adassp,0.001812,0.000135,0.05168,worse
gas,10,vfl,adassp_matched,-0.0008105,9.3e-05,-0.02151,better
gas,10,vfl,vfl_uncorrected,0.0002417,1.74e-05,0.006597,worse
housing,0.01,vfl,adassp,-0.005651,0.00376,-0.04676,better
housing,0.01,vfl,adassp_matched,-0.009634,0.00368,-0.07718,better
housing,0.01,vfl,vfl_uncorrected,-0.0006361,0.000144,-0.005491,better
housing,0.02,vfl,adassp,-0.003808,0.00387,-0.03249,no difference
housing,0.02,vfl,adassp_matched,-0.006333,0.00395,-0.05289,better
housing,0.02,vfl,vfl_uncorrected,-0.0004747,0.000162,-0.004168,better
housing,0.05,vfl,adassp,-0.00246,0.00175,-0.02153,better
housing,0.05,vfl,adassp_matched,-0.00974,0.00279,-0.08014,better
housing,0.05,vfl,vfl_uncorrected,-0.000322,0.000171,-0.002872,better
housing,0.1,vfl,adassp,-0.003106,0.00293,-0.02809,better
housing,0.1,vfl,adassp_matched,-0.005932,0.00225,-0.05232,better
housing,0.1,vfl,vfl_uncorrected,-0.0001012,0.000122,-0.0009408,no difference
housing,0.2,vfl,adassp,0.003557,0.00247,0.03572,worse
housing,0.2,vfl,adassp_matched,-0.003566,0.00287,-0.03342,better
housing,0.2,vfl,vfl_uncorrected,8.22e-05,0.000109,0.0007976,no difference
housing,0.5,vfl,adassp,0.004059,0.00216,0.04791,worse
housing,0.5,vfl,adassp_matched,-0.004416,0.00113,-0.04739,better
housing,0.5,vfl,vfl_uncorrected,0.0005267,0.000182,0.005969,worse
housing,1,vfl,adassp,0.006623,0.00238,0.09291,worse
housing,1,vfl,adassp_matched,-0.004031,0.00121,-0.0492,better
housing,1,vfl,vfl_uncorrected,0.0005873,0.0002,0.007596,worse
housing,2,vfl,adassp,0.006785,0.00218,0.1152,worse
housing,2,vfl,adassp_matched,-0.002498,0.000912,-0.03664,better
housing,2,vfl,vfl_uncorrected,0.0005411,0.000171,0.008308,worse
housing,5,vfl,adassp,0.005315,0.00141,0.1114,worse
housing,5,vfl,adassp_matched,-0.002451,0.000821,-0.04417,better
housing,5,vfl,vfl_uncorrected,0.0003237,0.000126,0.006141,worse
housing,10,vfl,adassp,0.003495,0.00174,0.08075,worse
housing,10,vfl,adassp_matched,-0.001501,0.000374,-0.0311,better
housing,10,vfl,vfl_uncorrected,0.0001679,8.37e-05,0.003602,worse
kin40k,0.01,vfl,adassp,-0.005004,0.000626,-0.06928,better
kin40k,0.01,vfl,adassp_matched,-0.007735,0.000909,-0.1032,better
kin40k,0.01,vfl,vfl_uncorrected,-0.0002169,2.03e-05,-0.003216,better
kin40k,0.02,vfl,adassp,-0.005138,0.000555,-0.07239,better
kin40k,0.02,vfl,adassp_matched,-0.009283,0.000857,-0.1236,better
kin40k,0.02,vfl,vfl_uncorrected,-8.312e-05,6.16e-06,-0.001261,better
kin40k,0.05,vfl,adassp,-0.001875,0.000209,-0.02837,better
kin40k,0.05,vfl,adassp_matched,-0.004967,0.000391,-0.0718,better
kin40k,0.05,vfl,vfl_uncorrected,-1.156e-05,9.23e-07,-0.0001799,better
kin40k,0.1,vfl,adassp,-0.0003274,3.02e-05,-0.005119,better
kin40k,0.1,vfl,adassp_matched,-0.001048,0.0001,-0.0162,better
kin40k,0.1,vfl,vfl_uncorrected,-1.683e-06,1.84e-07,-2.645e-05,better
kin40k,0.2,vfl,adassp,-4.623e-05,1.4e-05,-0.0007289,better
kin40k,0.2,vfl,adassp_matched,-0.0002843,3.36e-05,-0.004466,better
kin40k,0.2,vfl,vfl_uncorrected,-1.929e-07,4.38e-08,-3.044e-06,better
kin40k,0.5,vfl,adassp,-1.094e-06,6.92e-06,-1.729e-05,no difference
kin40k,0.5,vfl,adassp_matched,-4.19e-05,9.27e-06,-0.0006617,better
kin40k,0.5,vfl,vfl_uncorrected,-9.447e-09,1.13e-08,-1.493e-07,no difference
kin40k,1,vfl,adassp,6.988e-07,3.66e-06,1.105e-05,no difference
kin40k,1,vfl,adassp_matched,-7.988e-06,6.05e-06,-0.0001263,better
kin40k,1,vfl,vfl_uncorrected,-1.402e-09,3.36e-09,-2.216e-08,no difference
kin40k,2,vfl,adassp,1.539e-06,1.89e-06,2.433e-05,no difference
kin40k,2,vfl,adassp_matched,-3.083e-06,2.64e-06,-4.873e-05,better
kin40k,2,vfl,vfl_uncorrected,-2.811e-10,1.01e-09,-4.445e-09,no difference
kin40k,5,vfl,adassp,4.76e-07,7.04e-07,7.525e-06,no difference
kin40k,5,vfl,adassp_matched,-1.049e-06,1.03e-06,-1.659e-05,better
kin40k,5,vfl,vfl_uncorrected,-5.631e-11,2.01e-10,-8.902e-10,no difference
kin40k,10,vfl,adassp,1.34e-07,2.71e-07,2.118e-06,no difference
kin40k,10,vfl,adassp_matched,-2.709e-07,3.47e-07,-4.283e-06,no difference
kin40k,10,vfl,vfl_uncorrected,-1.693e-11,6.18e-11,-2.677e-10,no difference
machine,0.01,vfl,adassp,-0.01906,0.00694,-0.1294,better
machine,0.01,vfl,adassp_matched,-0.01448,0.00646,-0.1014,better
machine,0.01,vfl,vfl_uncorrected,-0.00127,0.00035,-0.009805,better
machine,0.02,vfl,adassp,-0.0108,0.00762,-0.07756,better
machine,0.02,vfl,adassp_matched,-0.02364,0.00605,-0.1554,better
machine,0.02,vfl,vfl_uncorrected,-0.001298,0.000379,-0.009997,better
machine,0.05,vfl,adassp,-0.01225,0.0103,-0.09013,better
machine,0.05,vfl,adassp_matched,-0.01944,0.00972,-0.1359,better
machine,0.05,vfl,vfl_uncorrected,-0.0009916,0.000404,-0.007954,better
machine,0.1,vfl,adassp,-0.008061,0.00695,-0.06223,better
machine,0.1,vfl,adassp_matched,-0.01056,0.00789,-0.07998,better
machine,0.1,vfl,vfl_uncorrected,-0.0007342,0.000301,-0.006008,better
machine,0.2,vfl,adassp,-0.006508,0.00509,-0.05552,better
machine,0.2,vfl,adassp_matched,-0.01738,0.00707,-0.1357,better
machine,0.2,vfl,vfl_uncorrected,-0.0001347,0.000258,-0.001216,no difference
machine,0.5,vfl,adassp,0.002531,0.00363,0.0283,no difference
machine,0.5,vfl,adassp_matched,-0.01232,0.00535,-0.1181,better
machine,0.5,vfl,vfl_uncorrected,0.0005319,0.00019,0.005816,worse
machine,1,vfl,adassp,0.006951,0.00339,0.09965,worse
machine,1,vfl,adassp_matched,-0.009822,0.00245,-0.1135,better
machine,1,vfl,vfl_uncorrected,0.0006575,0.000235,0.008646,worse
machine,2,vfl,adassp,0.006728,0.00272,0.1201,worse
machine,2,vfl,adassp_matched,-0.005109,0.00228,-0.07528,better
machine,2,vfl,vfl_uncorrected,0.0005147,0.000191,0.008268,worse
machine,5,vfl,adassp,0.003659,0.00249,0.07996,worse
machine,5,vfl,adassp_matched,-0.002653,0.000923,-0.05096,better
machine,5,vfl,vfl_uncorrected,0.0001983,0.000128,0.00403,worse
machine,10,vfl,adassp,0.002623,0.00164,0.06199,worse
machine,10,vfl,adassp_matched,-0.001139,0.000685,-0.02472,better
machine,10,vfl,vfl_uncorrected,6.408e-05,8.01e-05,0.001428,no difference
parkinsons,0.01,vfl,adassp,-0.002074,0.000951,-0.01202,better
parkinsons,0.01,vfl,adassp_matched,-0.003082,0.00166,-0.01775,better
parkinsons,0.01,vfl,vfl_uncorrected,-0.000249,4.76e-05,-0.001458,better
parkinsons,0.02,vfl,adassp,-0.002366,0.000882,-0.01394,better
parkinsons,0.02,vfl,adassp_matched,-0.003979,0.00103,-0.02322,better
parkinsons,0.02,vfl,vfl_uncorrected,-8.881e-05,3.8e-05,-0.0005303,better
parkinsons,0.05,vfl,adassp,9.862e-05,0.000799,0.0006083,no difference
parkinsons,0.05,vfl,adassp_matched,-0.003198,0.00104,-0.01933,better
parkinsons,0.05,vfl,vfl_uncorrected,0.0001095,3.02e-05,0.0006756,worse
parkinsons,0.1,vfl,adassp,0.00164,0.000799,0.01062,worse
parkinsons,0.1,vfl,adassp_matched,-0.002713,0.000462,-0.01708,better
parkinsons,0.1,vfl,vfl_uncorrected,0.0002721,2.38e-05,0.001746,worse
parkinsons,0.2,vfl,adassp,0.003104,0.000623,0.0213,worse
parkinsons,0.2,vfl,adassp_matched,-0.002497,0.000703,-0.0165,better
parkinsons,0.2,vfl,vfl_uncorrected,0.0003384,3.37e-05,0.002279,worse
parkinsons,0.5,vfl,adassp,0.002527,0.00026,0.01848,worse
parkinsons,0.5,vfl,adassp_matched,-0.001808,0.000305,-0.01281,better
parkinsons,0.5,vfl,vfl_uncorrected,0.0002637,3.92e-05,0.001897,worse
parkinsons,1,vfl,adassp,0.001878,0.000308,0.01418,worse
parkinsons,1,vfl,adassp_matched,-0.0009526,0.000241,-0.007041,better
parkinsons,1,vfl,vfl_uncorrected,0.0001563,3.23e-05,0.001164,worse
parkinsons,2,vfl,adassp,0.001079,0.000361,0.00828,worse
parkinsons,2,vfl,adassp_matched,-0.0005472,9.78e-05,-0.004146,better
parkinsons,2,vfl,vfl_uncorrected,7.968e-05,2.42e-05,0.0006066,worse
parkinsons,5,vfl,adassp,0.0006192,0.000314,0.004804,worse
parkinsons,5,vfl,adassp_matched,-0.0002892,9.87e-05,-0.002228,better
parkinsons,5,vfl,vfl_uncorrected,3.338e-05,1.55e-05,0.0002579,worse
parkinsons,10,vfl,adassp,0.0004337,0.000265,0.00338,worse
parkinsons,10,vfl,adassp_matched,-0.0001557,5.34e-05,-0.001208,better
parkinsons,10,vfl,vfl_uncorrected,1.933e-05,1.14e-05,0.0001501,worse
pendulum,0.01,vfl,adassp,-0.009677,0.00154,-0.2442,better
pendulum,0.01,vfl,adassp_matched,-0.01373,0.00203,-0.3144,better
pendulum,0.01,vfl,vfl_uncorrected,-0.001093,6.99e-05,-0.03522,better
pendulum,0.02,vfl,adassp,-0.008506,0.00225,-0.223,better
pendulum,0.02,vfl,adassp_matched,-0.01166,0.0021,-0.2822,better
pendulum,0.02,vfl,vfl_uncorrected,-0.001038,0.000122,-0.03384,better
pendulum,0.05,vfl,adassp,-0.008729,0.00145,-0.2296,better
pendulum,0.05,vfl,adassp_matched,-0.01276,0.00234,-0.3035,better
pendulum,0.05,vfl,vfl_uncorrected,-0.0009296,8.97e-05,-0.03076,better
pendulum,0.1,vfl,adassp,-0.008504,0.00126,-0.2312,better
pendulum,0.1,vfl,adassp_matched,-0.01218,0.00169,-0.3012,better
pendulum,0.1,vfl,vfl_uncorrected,-0.0007859,6.6e-05,-0.02705,better
pendulum,0.2,vfl,adassp,-0.006641,0.000895,-0.1933,better
pendulum,0.2,vfl,adassp_matched,-0.009518,0.00174,-0.2556,better
pendulum,0.2,vfl,vfl_uncorrected,-0.0006431,7.12e-05,-0.02268,better
pendulum,0.5,vfl,adassp,-0.0036,0.00107,-0.1247,better
pendulum,0.5,vfl,adassp_matched,-0.007639,0.00109,-0.232,better
pendulum,0.5,vfl,vfl_uncorrected,-0.0003262,3.32e-05,-0.01274,better
pendulum,1,vfl,adassp,-0.001019,0.000544,-0.04117,better
pendulum,1,vfl,adassp_matched,-0.003981,0.000729,-0.1437,better
pendulum,1,vfl,vfl_uncorrected,-0.0001566,1.53e-05,-0.006555,better
pendulum,2,vfl,adassp,-7.822e-07,0.000354,-3.638e-05,no difference
pendulum,2,vfl,adassp_matched,-0.002863,0.000405,-0.1175,better
pendulum,2,vfl,vfl_uncorrected,-4.463e-05,1.47e-05,-0.002072,better
pendulum,5,vfl,adassp,0.000274,0.000256,0.01427,worse
pendulum,5,vfl,adassp_matched,-0.00138,0.000228,-0.06615,better
pendulum,5,vfl,vfl_uncorrected,3.54e-08,9.85e-06,1.817e-06,no difference
pendulum,10,vfl,adassp,1.471e-05,0.000418,0.0007863,no difference
pendulum,10,vfl,adassp_matched,-0.000611,0.000187,-0.0316,better
pendulum,10,vfl,vfl_uncorrected,1.223e-06,5.36e-06,6.529e-05,no difference
pol,0.01,vfl,adassp,-0.0006283,0.00201,-0.001936,no difference
pol,0.01,vfl,adassp_matched,-0.002926,0.000624,-0.008954,better
pol,0.01,vfl,vfl_uncorrected,0.0007732,6.45e-05,0.002393,worse
pol,0.02,vfl,adassp,0.002937,0.00143,0.009701,worse
pol,0.02,vfl,adassp_matched,-0.005622,0.00159,-0.01806,better
pol,0.02,vfl,vfl_uncorrected,0.001346,6.32e-05,0.004423,worse
pol,0.05,vfl,adassp,0.009953,0.0017,0.03863,worse
pol,0.05,vfl,adassp_matched,-0.007587,0.00153,-0.02757,better
pol,0.05,vfl,vfl_uncorrected,0.002089,7.91e-05,0.007867,worse
pol,0.1,vfl,adassp,0.01351,0.000926,0.06236,worse
pol,0.1,vfl,adassp_matched,-0.007945,0.000901,-0.03336,better
pol,0.1,vfl,vfl_uncorrected,0.00218,6.76e-05,0.009558,worse
pol,0.2,vfl,adassp,0.013,0.000756,0.07245,worse
pol,0.2,vfl,adassp_matched,-0.007228,0.00079,-0.0362,better
pol,0.2,vfl,vfl_uncorrected,0.001695,6.19e-05,0.008886,worse
pol,0.5,vfl,adassp,0.007765,0.000499,0.05202,worse
pol,0.5,vfl,adassp_matched,-0.00437,0.00027,-0.02708,better
pol,0.5,vfl,vfl_uncorrected,0.0007304,3.36e-05,0.004674,worse
pol,1,vfl,adassp,0.003714,0.000254,0.02654,worse
pol,1,vfl,adassp_matched,-0.002477,0.000161,-0.01695,better
pol,1,vfl,vfl_uncorrected,0.0002702,1.66e-05,0.001884,worse
pol,2,vfl,adassp,0.00152,0.000158,0.01113,worse
pol,2,vfl,adassp_matched,-0.001007,9.33e-05,-0.007243,better
pol,2,vfl,vfl_uncorrected,7.955e-05,8.07e-06,0.0005765,worse
pol,5,vfl,adassp,0.0004172,0.0001,0.003083,worse
pol,5,vfl,adassp_matched,-0.0002635,4.66e-05,-0.001938,better
pol,5,vfl,vfl_uncorrected,1.305e-05,2.74e-06,9.613e-05,worse
pol,10,vfl,adassp,0.0001424,5.32e-05,0.001054,worse
pol,10,vfl,adassp_matched,-9.456e-05,3.01e-05,-0.0006985,better
pol,10,vfl,vfl_uncorrected,3.244e-06,1.3e-06,2.398e-05,worse
protein,0.01,vfl,adassp,-5.563e-05,0.000911,-0.0003805,no difference
protein,0.01,vfl,adassp_matched,-0.002769,0.00114,-0.01859,better
protein,0.01,vfl,vfl_uncorrected,0.0002252,1.75e-05,0.001543,worse
protein,0.02,vfl,adassp,0.001035,0.000423,0.007483,worse
protein,0.02,vfl,adassp_matched,-0.002162,0.00067,-0.01529,better
protein,0.02,vfl,vfl_uncorrected,0.0002091,1.32e-05,0.001504,worse
protein,0.05,vfl,adassp,0.001661,0.00031,0.01275,worse
protein,0.05,vfl,adassp_matched,-0.0007505,0.000381,-0.005654,better
protein,0.05,vfl,vfl_uncorrected,0.0001605,1.26e-05,0.001217,worse
protein,0.1,vfl,adassp,0.001695,0.000289,0.01346,worse
protein,0.1,vfl,adassp_matched,-0.0005853,0.000123,-0.004565,better
protein,0.1,vfl,vfl_uncorrected,0.0001138,1.14e-05,0.0008925,worse
protein,0.2,vfl,adassp,0.00133,0.000203,0.01083,worse
protein,0.2,vfl,adassp_matched,-0.0004712,0.000158,-0.00378,better
protein,0.2,vfl,vfl_uncorrected,6.781e-05,8.55e-06,0.0005464,worse
protein,0.5,vfl,adassp,0.0007541,0.000177,0.00625,worse
protein,0.5,vfl,adassp_matched,-0.0002092,5.93e-05,-0.00172,better
protein,0.5,vfl,vfl_uncorrected,2.394e-05,4.6e-06,0.0001972,worse
protein,1,vfl,adassp,0.0004671,9.99e-05,0.003898,worse
protein,1,vfl,adassp_matched,-9.27e-05,4.07e-05,-0.0007699,better
protein,1,vfl,vfl_uncorrected,1.03e-05,2.31e-06,8.56e-05,worse
protein,2,vfl,adassp,0.0002965,6.24e-05,0.002484,worse
protein,2,vfl,adassp_matched,-6.241e-05,2.56e-05,-0.0005213,better
protein,2,vfl,vfl_uncorrected,4.935e-06,1.01e-06,4.124e-05,worse
protein,5,vfl,adassp,0.0002079,5.11e-05,0.001747,worse
protein,5,vfl,adassp_matched,2.728e-05,8.7e-06,0.0002288,worse
protein,5,vfl,vfl_uncorrected,1.866e-06,3.86e-07,1.565e-05,worse
protein,10,vfl,adassp,0.0001265,6.69e-05,0.001063,worse
protein,10,vfl,adassp_matched,7.137e-05,2.85e-05,0.0005997,worse
protein,10,vfl,vfl_uncorrected,7.906e-07,2.45e-07,6.64e-06,worse
pumadyn32nm,0.01,vfl,adassp,-0.001439,0.000307,-0.01485,better
pumadyn32nm,0.01,vfl,adassp_matched,-0.00182,0.000273,-0.01871,better
pumadyn32nm,0.01,vfl,vfl_uncorrected,-0.0002557,1.5e-05,-0.002672,better
pumadyn32nm,0.02,vfl,adassp,-0.001269,0.000202,-0.01312,better
pumadyn32nm,0.02,vfl,adassp_matched,-0.001867,0.000136,-0.01919,better
pumadyn32nm,0.02,vfl,vfl_uncorrected,-0.000248,1.19e-05,-0.002592,better
pumadyn32nm,0.05,vfl,adassp,-0.001233,0.000179,-0.01275,better
pumadyn32nm,0.05,vfl,adassp_matched,-0.001533,0.000176,-0.01581,better
pumadyn32nm,0.05,vfl,vfl_uncorrected,-0.0002191,9.63e-06,-0.002291,better
pumadyn32nm,0.1,vfl,adassp,-0.00102,0.000142,-0.01061,better
pumadyn32nm,0.1,vfl,adassp_matched,-0.001547,0.000201,-0.01599,better
pumadyn32nm,0.1,vfl,vfl_uncorrected,-0.000176,4.95e-06,-0.001846,better
pumadyn32nm,0.2,vfl,adassp,-0.0007428,0.000165,-0.00775,better
pumadyn32nm,0.2,vfl,adassp_matched,-0.001223,0.000174,-0.01269,better
pumadyn32nm,0.2,vfl,vfl_uncorrected,-0.0001345,5e-06,-0.001413,better
pumadyn32nm,0.5,vfl,adassp,-0.001008,0.000132,-0.01053,better
pumadyn32nm,0.5,vfl,adassp_matched,-0.001499,0.00012,-0.01558,better
pumadyn32nm,0.5,vfl,vfl_uncorrected,-6.429e-05,3.75e-06,-0.0006783,better
pumadyn32nm,1,vfl,adassp,-0.001493,0.000164,-0.01556,better
pumadyn32nm,1,vfl,adassp_matched,-0.001821,0.000165,-0.01891,better
pumadyn32nm,1,vfl,vfl_uncorrected,-2.737e-05,1.97e-06,-0.0002897,better
pumadyn32nm,2,vfl,adassp,-0.0007214,0.000154,-0.007596,better
pumadyn32nm,2,vfl,adassp_matched,-0.002316,0.000234,-0.02399,better
pumadyn32nm,2,vfl,vfl_uncorrected,-9.383e-06,1.15e-06,-9.956e-05,better
pumadyn32nm,5,vfl,adassp,-0.0001748,7.61e-05,-0.001853,better
pumadyn32nm,5,vfl,adassp_matched,-0.0004762,7.98e-05,-0.005031,better
pumadyn32nm,5,vfl,vfl_uncorrected,-2.265e-06,5.17e-07,-2.405e-05,better
pumadyn32nm,10,vfl,adassp,-0.0001108,4.52e-05,-0.001175,better
pumadyn32nm,10,vfl,adassp_matched,-0.00021,6.47e-05,-0.002226,better
pumadyn32nm,10,vfl,vfl_uncorrected,-7.863e-07,2.08e-07,-8.351e-06,better
servo,0.01,vfl,adassp,-0.0498,0.0156,-0.2036,better
servo,0.01,vfl,adassp_matched,-0.07716,0.0342,-0.2837,better
servo,0.01,vfl,vfl_uncorrected,-0.00171,0.00068,-0.0087,better
servo,0.02,vfl,adassp,-0.03718,0.00895,-0.16,better
servo,0.02,vfl,adassp_matched,-0.07471,0.0555,-0.2769,better
servo,0.02,vfl,vfl_uncorrected,-0.001768,0.0005,-0.00898,better
servo,0.05,vfl,adassp,-0.02882,0.0109,-0.1282,better
servo,0.05,vfl,adassp_matched,-0.04462,0.012,-0.1855,better
servo,0.05,vfl,vfl_uncorrected,-0.001795,0.000365,-0.009073,better
servo,0.1,vfl,adassp,-0.03232,0.0084,-0.1438,better
servo,0.1,vfl,adassp_matched,-0.06776,0.0615,-0.2604,better
servo,0.1,vfl,vfl_uncorrected,-0.001384,0.0005,-0.007136,better
servo,0.2,vfl,adassp,-0.01832,0.0116,-0.09058,better
servo,0.2,vfl,adassp_matched,-0.04689,0.0244,-0.2032,better
servo,0.2,vfl,vfl_uncorrected,-0.0007553,0.00041,-0.004091,better
servo,0.5,vfl,adassp,-0.0006999,0.0113,-0.004026,no difference
servo,0.5,vfl,adassp_matched,-0.02273,0.00589,-0.1161,better
servo,0.5,vfl,vfl_uncorrected,2.324e-05,0.000357,0.0001342,no difference
servo,1,vfl,adassp,0.006935,0.00692,0.04699,worse
servo,1,vfl,adassp_matched,-0.01499,0.0081,-0.08846,better
servo,1,vfl,vfl_uncorrected,0.0006816,0.000482,0.00443,worse
servo,2,vfl,adassp,0.01127,0.00633,0.09103,worse
servo,2,vfl,adassp_matched,-0.00805,0.00415,-0.05623,better
servo,2,vfl,vfl_uncorrected,0.0008333,0.000459,0.006206,worse
servo,5,vfl,adassp,0.01936,0.00806,0.2033,worse
servo,5,vfl,adassp_matched,0.0001389,0.00408,0.001213,no difference
servo,5,vfl,vfl_uncorrected,0.0006245,0.000261,0.005479,worse
servo,10,vfl,adassp,0.02075,0.0125,0.2644,worse
servo,10,vfl,adassp_matched,0.007058,0.00393,0.07659,worse
servo,10,vfl,vfl_uncorrected,0.0004225,0.000167,0.004277,worse
skillcraft,0.01,vfl,adassp,-0.003601,0.00114,-0.07288,better
skillcraft,0.01,vfl,adassp_matched,-0.003598,0.00128,-0.07283,better
skillcraft,0.01,vfl,vfl_uncorrected,-0.000363,6.56e-05,-0.007863,better
skillcraft,0.02,vfl,adassp,-0.00314,0.00105,-0.06643,better
skillcraft,0.02,vfl,adassp_matched,-0.004308,0.000692,-0.08894,better
skillcraft,0.02,vfl,vfl_uncorrected,-0.000267,4.26e-05,-0.006013,better
skillcraft,0.05,vfl,adassp,-0.002319,0.00074,-0.05348,better
skillcraft,0.05,vfl,adassp_matched,-0.004054,0.00115,-0.0899,better
skillcraft,0.05,vfl,vfl_uncorrected,-7.814e-05,3.84e-05,-0.001901,better
skillcraft,0.1,vfl,adassp,-0.0003905,0.000664,-0.0101,no difference
skillcraft,0.1,vfl,adassp_matched,-0.003323,0.000794,-0.0799,better
skillcraft,0.1,vfl,vfl_uncorrected,1.24e-05,2.66e-05,0.0003241,no difference
skillcraft,0.2,vfl,adassp,0.0002505,0.000568,0.007362,no difference
skillcraft,0.2,vfl,adassp_matched,-0.002538,0.000686,-0.06893,better
skillcraft,0.2,vfl,vfl_uncorrected,0.0001023,1.9e-05,0.002993,worse
skillcraft,0.5,vfl,adassp,0.001228,0.000334,0.04455,worse
skillcraft,0.5,vfl,adassp_matched,-0.002145,0.00033,-0.06935,better
skillcraft,0.5,vfl,vfl_uncorrected,0.000116,2.02e-05,0.004045,worse
skillcraft,1,vfl,adassp,0.0009887,0.000184,0.04042,worse
skillcraft,1,vfl,adassp_matched,-0.001325,0.000175,-0.04948,better
skillcraft,1,vfl,vfl_uncorrected,9.374e-05,1.6e-05,0.003697,worse
skillcraft,2,vfl,adassp,0.0009112,0.000216,0.04093,worse
skillcraft,2,vfl,adassp_matched,-0.0006897,0.000132,-0.0289,better
skillcraft,2,vfl,vfl_uncorrected,5.997e-05,1.18e-05,0.002594,worse
skillcraft,5,vfl,adassp,0.0004971,0.00014,0.02379,worse
skillcraft,5,vfl,adassp_matched,-0.0003526,7.43e-05,-0.01621,better
skillcraft,5,vfl,vfl_uncorrected,2.235e-05,7.26e-06,0.001046,worse
skillcraft,10,vfl,adassp,0.0002561,0.000126,0.01248,worse
skillcraft,10,vfl,adassp_matched,-0.0001709,3.77e-05,-0.008156,better
skillcraft,10,vfl,vfl_uncorrected,8.319e-06,4.19e-06,0.0004005,worse
sml,0.01,vfl,adassp,0.000142,0.00286,0.0006971,no difference
sml,0.01,vfl,adassp_matched,-0.002891,0.00192,-0.01398,better
sml,0.01,vfl,vfl_uncorrected,0.0002092,0.000115,0.001027,worse
sml,0.02,vfl,adassp,0.00196,0.00173,0.01015,worse
sml,0.02,vfl,adassp_matched,-0.003658,0.00266,-0.01841,better
sml,0.02,vfl,vfl_uncorrected,0.0005889,9.43e-05,0.003028,worse
sml,0.05,vfl,adassp,0.005938,0.00197,0.03508,worse
sml,0.05,vfl,adassp_matched,-0.005102,0.00135,-0.02829,better
sml,0.05,vfl,vfl_uncorrected,0.001278,6.06e-05,0.007347,worse
sml,0.1,vfl,adassp,0.009886,0.00186,0.07042,worse
sml,0.1,vfl,adassp_matched,-0.00726,0.00222,-0.04608,better
sml,0.1,vfl,vfl_uncorrected,0.001867,0.000114,0.01258,worse
sml,0.2,vfl,adassp,0.01425,0.000993,0.1351,worse
sml,0.2,vfl,adassp_matched,-0.006605,0.00139,-0.05229,better
sml,0.2,vfl,vfl_uncorrected,0.002086,0.000104,0.01774,worse
sml,0.5,vfl,adassp,0.01476,0.000832,0.2343,worse
sml,0.5,vfl,adassp_matched,-0.005927,0.000765,-0.07082,better
sml,0.5,vfl,vfl_uncorrected,0.001708,8.52e-05,0.02246,worse
sml,1,vfl,adassp,0.01104,0.000679,0.2741,worse
sml,1,vfl,adassp_matched,-0.005089,0.000784,-0.09019,better
sml,1,vfl,vfl_uncorrected,0.001128,5.93e-05,0.02247,worse
sml,2,vfl,adassp,0.00709,0.00052,0.2646,worse
sml,2,vfl,adassp_matched,-0.003356,0.000214,-0.09012,better
sml,2,vfl,vfl_uncorrected,0.0005906,3.96e-05,0.01774,worse
sml,5,vfl,adassp,0.003214,0.00029,0.1705,worse
sml,5,vfl,adassp_matched,-0.001411,0.000162,-0.06007,better
sml,5,vfl,vfl_uncorrected,0.0001892,1.81e-05,0.008646,worse
sml,10,vfl,adassp,0.001743,0.000198,0.1052,worse
sml,10,vfl,adassp_matched,-0.0007032,0.0001,-0.03699,better
sml,10,vfl,vfl_uncorrected,7.753e-05,1.1e-05,0.004253,worse
solar,0.01,vfl,adassp,-0.008735,0.000996,-0.3325,better
solar,0.01,vfl,adassp_matched,-0.01042,0.0016,-0.3727,better
solar,0.01,vfl,vfl_uncorrected,-0.0006769,5.91e-05,-0.03716,better
solar,0.02,vfl,adassp,-0.008708,0.00115,-0.3323,better
solar,0.02,vfl,adassp_matched,-0.01042,0.00119,-0.3732,better
solar,0.02,vfl,vfl_uncorrected,-0.0006427,6.01e-05,-0.03544,better
solar,0.05,vfl,adassp,-0.00698,0.000809,-0.2865,better
solar,0.05,vfl,adassp_matched,-0.009818,0.000816,-0.3609,better
solar,0.05,vfl,vfl_uncorrected,-0.0006014,3.85e-05,-0.03343,better
solar,0.1,vfl,adassp,-0.005098,0.000931,-0.235,better
solar,0.1,vfl,adassp_matched,-0.00739,0.00117,-0.3081,better
solar,0.1,vfl,vfl_uncorrected,-0.0004823,2.62e-05,-0.02824,better
solar,0.2,vfl,adassp,-0.003548,0.000501,-0.1858,better
solar,0.2,vfl,adassp_matched,-0.00587,0.000611,-0.2741,better
solar,0.2,vfl,vfl_uncorrected,-0.000349,1.76e-05,-0.02196,better
solar,0.5,vfl,adassp,-0.001703,0.000292,-0.1081,better
solar,0.5,vfl,adassp_matched,-0.003842,0.00048,-0.2148,better
solar,0.5,vfl,vfl_uncorrected,-0.0001886,1.8e-05,-0.01325,better
solar,1,vfl,adassp,-0.0006995,0.000283,-0.05199,better
solar,1,vfl,adassp_matched,-0.002337,0.000238,-0.1548,better
solar,1,vfl,vfl_uncorrected,-8.652e-05,6.54e-06,-0.006737,better
solar,2,vfl,adassp,-0.0001183,0.000209,-0.009984,no difference
solar,2,vfl,adassp_matched,-0.001318,0.000207,-0.101,better
solar,2,vfl,vfl_uncorrected,-3.404e-05,5.03e-06,-0.002893,better
solar,5,vfl,adassp,5.156e-05,0.000102,0.004725,no difference
solar,5,vfl,adassp_matched,-0.0005217,0.000149,-0.04543,better
solar,5,vfl,vfl_uncorrected,-8.36e-06,2.1e-06,-0.000762,better
solar,10,vfl,adassp,0.0001343,2.53e-05,0.01272,worse
solar,10,vfl,adassp_matched,-0.0001734,6.4e-05,-0.01595,better
solar,10,vfl,vfl_uncorrected,-2.438e-06,1.49e-06,-0.0002279,better
stock,0.01,vfl,adassp,-0.007791,0.00288,-0.1098,better
stock,0.01,vfl,adassp_matched,-0.01009,0.00401,-0.1376,better
stock,0.01,vfl,vfl_uncorrected,-0.0006762,0.000133,-0.01059,better
stock,0.02,vfl,adassp,-0.00778,0.00378,-0.1087,better
stock,0.02,vfl,adassp_matched,-0.008296,0.00357,-0.1151,better
stock,0.02,vfl,vfl_uncorrected,-0.0007135,0.000172,-0.01106,better
stock,0.05,vfl,adassp,-0.008152,0.00311,-0.1183,better
stock,0.05,vfl,adassp_matched,-0.01018,0.00237,-0.1435,better
stock,0.05,vfl,vfl_uncorrected,-0.0005815,0.000116,-0.009483,better
stock,0.1,vfl,adassp,-0.002954,0.00145,-0.04733,better
stock,0.1,vfl,adassp_matched,-0.007963,0.00233,-0.1181,better
stock,0.1,vfl,vfl_uncorrected,-0.0004106,5.61e-05,-0.006858,better
stock,0.2,vfl,adassp,-0.001623,0.00242,-0.02869,no difference
stock,0.2,vfl,adassp_matched,-0.005426,0.00343,-0.08986,better
stock,0.2,vfl,vfl_uncorrected,-0.0001776,9.24e-05,-0.003221,better
stock,0.5,vfl,adassp,0.001287,0.00147,0.02795,no difference
stock,0.5,vfl,adassp_matched,-0.004929,0.00152,-0.09429,better
stock,0.5,vfl,vfl_uncorrected,8.007e-05,8.83e-05,0.001694,no difference
stock,1,vfl,adassp,0.003026,0.00159,0.08549,worse
stock,1,vfl,adassp_matched,-0.0045,0.00175,-0.1049,better
stock,1,vfl,vfl_uncorrected,0.0002122,0.000101,0.005553,worse
stock,2,vfl,adassp,0.003879,0.00116,0.1411,worse
stock,2,vfl,adassp_matched,-0.002771,0.000962,-0.08118,better
stock,2,vfl,vfl_uncorrected,0.0001955,8.14e-05,0.006271,worse
stock,5,vfl,adassp,0.003785,0.00108,0.1938,worse
stock,5,vfl,adassp_matched,-0.001411,0.000343,-0.05708,better
stock,5,vfl,vfl_uncorrected,0.0001354,4.55e-05,0.005842,worse
stock,10,vfl,adassp,0.00277,0.00065,0.1724,worse
stock,10,vfl,adassp_matched,-0.0009984,0.000333,-0.05031,better
stock,10,vfl,vfl_uncorrected,9.234e-05,2.52e-05,0.004924,worse
tamielectric,0.01,vfl,adassp,-0.001425,0.000308,-0.004227,better
tamielectric,0.01,vfl,adassp_matched,-0.002695,0.000944,-0.007963,better
tamielectric,0.01,vfl,vfl_uncorrected,-3.08e-05,2.11e-06,-9.172e-05,better
tamielectric,0.02,vfl,adassp,-0.0005138,9.59e-05,-0.001532,better
tamielectric,0.02,vfl,adassp_matched,-0.001234,0.000454,-0.00367,better
tamielectric,0.02,vfl,vfl_uncorrected,-1.296e-05,1.59e-06,-3.87e-05,better
tamielectric,0.05,vfl,adassp,-0.0001571,4.36e-05,-0.0004694,better
tamielectric,0.05,vfl,adassp_matched,-0.000327,7.51e-05,-0.0009766,better
tamielectric,0.05,vfl,vfl_uncorrected,-7.747e-06,1.52e-06,-2.316e-05,better
tamielectric,0.1,vfl,adassp,-0.000109,2.75e-05,-0.0003258,better
tamielectric,0.1,vfl,adassp_matched,-0.0001793,4.57e-05,-0.000536,better
tamielectric,0.1,vfl,vfl_uncorrected,-3.446e-06,5.06e-07,-1.03e-05,better
tamielectric,0.2,vfl,adassp,-4.911e-05,2.79e-05,-0.0001468,better
tamielectric,0.2,vfl,adassp_matched,-0.0001049,2.27e-05,-0.0003135,better
tamielectric,0.2,vfl,vfl_uncorrected,-1.35e-06,2.44e-07,-4.037e-06,better
tamielectric,0.5,vfl,adassp,-3.035e-05,9.12e-06,-9.076e-05,better
tamielectric,0.5,vfl,adassp_matched,-0.0001473,3.93e-05,-0.0004403,better
tamielectric,0.5,vfl,vfl_uncorrected,-2.416e-07,3.22e-08,-7.225e-07,better
tamielectric,1,vfl,adassp,-2.408e-06,7.88e-06,-7.203e-06,no difference
tamielectric,1,vfl,adassp_matched,-3.449e-05,8.87e-06,-0.0001032,better
tamielectric,1,vfl,vfl_uncorrected,-4.636e-08,2.07e-08,-1.387e-07,better
tamielectric,2,vfl,adassp,-8.794e-07,4.5e-06,-2.63e-06,no difference
tamielectric,2,vfl,adassp_matched,-6.886e-06,2.22e-06,-2.059e-05,better
tamielectric,2,vfl,vfl_uncorrected,-9.094e-09,5.86e-09,-2.72e-08,better
tamielectric,5,vfl,adassp,9.081e-07,1.3e-06,2.716e-06,no difference
tamielectric,5,vfl,adassp_matched,-1.525e-06,1.5e-06,-4.56e-06,better
tamielectric,5,vfl,vfl_uncorrected,-1.226e-09,1.53e-09,-3.666e-09,no difference
tamielectric,10,vfl,adassp,1.08e-07,1.13e-06,3.231e-07,no difference
tamielectric,10,vfl,adassp_matched,7.594e-08,1.81e-06,2.271e-07,no difference
tamielectric,10,vfl,vfl_uncorrected,-3.418e-10,4.26e-10,-1.022e-09,no difference
wine,0.01,vfl,adassp,-0.005947,0.00175,-0.08785,better
wine,0.01,vfl,adassp_matched,-0.01001,0.00228,-0.1395,better
wine,0.01,vfl,vfl_uncorrected,-0.0007696,8.99e-05,-0.01231,better
wine,0.02,vfl,adassp,-0.005482,0.00192,-0.08288,better
wine,0.02,vfl,adassp_matched,-0.008901,0.0024,-0.128,better
wine,0.02,vfl,vfl_uncorrected,-0.000667,6.25e-05,-0.01088,better
wine,0.05,vfl,adassp,-0.005159,0.00119,-0.08159,better
wine,0.05,vfl,adassp_matched,-0.00742,0.00134,-0.1133,better
wine,0.05,vfl,vfl_uncorrected,-0.0004176,6.51e-05,-0.00714,better
wine,0.1,vfl,adassp,-0.002128,0.000979,-0.03688,better
wine,0.1,vfl,adassp_matched,-0.007032,0.0012,-0.1123,better
wine,0.1,vfl,vfl_uncorrected,-0.0002051,6.15e-05,-0.003677,better
wine,0.2,vfl,adassp,-0.0007684,0.000618,-0.01498,better
wine,0.2,vfl,adassp_matched,-0.0053,0.00159,-0.09492,better
wine,0.2,vfl,vfl_uncorrected,5.15e-05,3.85e-05,0.00102,worse
wine,0.5,vfl,adassp,0.002404,0.000851,0.05958,worse
wine,0.5,vfl,adassp_matched,-0.003256,0.000985,-0.07076,better
wine,0.5,vfl,vfl_uncorrected,0.0002334,4.61e-05,0.005489,worse
wine,1,vfl,adassp,0.00314,0.00042,0.09276,worse
wine,1,vfl,adassp_matched,-0.002126,0.000694,-0.05436,better
wine,1,vfl,vfl_uncorrected,0.0002332,3.41e-05,0.006344,worse
wine,2,vfl,adassp,0.003192,0.000447,0.1123,worse
wine,2,vfl,adassp_matched,-0.001457,0.000345,-0.04406,better
wine,2,vfl,vfl_uncorrected,0.0001741,2.75e-05,0.005537,worse
wine,5,vfl,adassp,0.003837,0.000918,0.1725,worse
wine,5,vfl,adassp_matched,0.0001565,0.000326,0.006035,no difference
wine,5,vfl,vfl_uncorrected,8.719e-05,1.73e-05,0.003354,worse
wine,10,vfl,adassp,0.003036,0.00124,0.1493,worse
wine,10,vfl,adassp_matched,0.00137,0.000585,0.06228,worse
wine,10,vfl,vfl_uncorrected,4.227e-05,1.05e-05,0.001812,worse
yacht,0.01,vfl,adassp,-0.01856,0.00444,-0.1374,better
yacht,0.01,vfl,adassp_matched,-0.02651,0.00774,-0.1853,better
yacht,0.01,vfl,vfl_uncorrected,-0.001497,0.000331,-0.01268,better
yacht,0.02,vfl,adassp,-0.01414,0.00476,-0.1101,better
yacht,0.02,vfl,adassp_matched,-0.02529,0.0071,-0.1811,better
yacht,0.02,vfl,vfl_uncorrected,-0.001245,0.000175,-0.01077,better
yacht,0.05,vfl,adassp,-0.01674,0.00326,-0.1328,better
yacht,0.05,vfl,adassp_matched,-0.01658,0.00585,-0.1317,better
yacht,0.05,vfl,vfl_uncorrected,-0.0007071,0.000217,-0.006426,better
yacht,0.1,vfl,adassp,-0.009316,0.00552,-0.08026,better
yacht,0.1,vfl,adassp_matched,-0.01935,0.00591,-0.1535,better
yacht,0.1,vfl,vfl_uncorrected,-0.0005911,0.000252,-0.005507,better
yacht,0.2,vfl,adassp,-0.00418,0.00481,-0.03994,no difference
yacht,0.2,vfl,adassp_matched,-0.01626,0.00583,-0.1393,better
yacht,0.2,vfl,vfl_uncorrected,-7.131e-05,0.000239,-0.0007093,no difference
yacht,0.5,vfl,adassp,0.007584,0.00177,0.09854,worse
yacht,0.5,vfl,adassp_matched,-0.01018,0.00443,-0.1075,better
yacht,0.5,vfl,vfl_uncorrected,0.000729,0.000191,0.008697,worse
yacht,1,vfl,adassp,0.009372,0.00386,0.1645,worse
yacht,1,vfl,adassp_matched,-0.00605,0.00283,-0.08356,better
yacht,1,vfl,vfl_uncorrected,0.001048,0.00018,0.01605,worse
yacht,2,vfl,adassp,0.01271,0.0031,0.3484,worse
yacht,2,vfl,adassp_matched,-0.002369,0.00159,-0.04596,better
yacht,2,vfl,vfl_uncorrected,0.0008994,0.00016,0.01863,worse
yacht,5,vfl,adassp,0.00713,0.00187,0.3028,worse
yacht,5,vfl,adassp_matched,-0.000924,0.0014,-0.02924,no difference
yacht,5,vfl,vfl_uncorrected,0.0004079,0.000105,0.01348,worse
yacht,10,vfl,adassp,0.003532,0.00157,0.1793,worse
yacht,10,vfl,adassp_matched,-0.0005367,0.000518,-0.02258,better
yacht,10,vfl,vfl_uncorrected,0.0001626,6.29e-05,0.007048,worse
