dataset,threshold,eps,method,n_cross,n_max
bike,1.1,0.5,vfl,,15641
bike,1.1,0.5,adassp,15024,15641
bike,1.1,1,vfl,10902,15641
bike,1.1,1,adassp,7481,15641
bike,1.1,2,vfl,5902,15641
bike,1.1,2,adassp,3808,15641
bike,1.1,4,vfl,3056,15641
bike,1.1,4,adassp,1849,15641
bike,1.25,0.5,vfl,10267,15641
bike,1.25,0.5,adassp,7329,15641
bike,1.25,1,vfl,5549,15641
bike,1.25,1,adassp,3827,15641
bike,1.25,2,vfl,2822,15641
bike,1.25,2,adassp,1859,15641
bike,1.25,4,vfl,1513,15641
bike,1.25,4,adassp,908,15641
elevators,1.1,0.5,vfl,,14939
elevators,1.1,0.5,adassp,,14939
elevators,1.1,1,vfl,,14939
elevators,1.1,1,adassp,,14939
elevators,1.1,2,vfl,,14939
elevators,1.1,2,adassp,,14939
elevators,1.1,4,vfl,,14939
elevators,1.1,4,adassp,13779,14939
elevators,1.25,0.5,vfl,,14939
elevators,1.25,0.5,adassp,,14939
elevators,1.25,1,vfl,,14939
elevators,1.25,1,adassp,,14939
elevators,1.25,2,vfl,,14939
elevators,1.25,2,adassp,14483,14939
elevators,1.25,4,vfl,11985,14939
elevators,1.25,4,adassp,7397,14939
pol,1.1,0.5,vfl,,13500
pol,1.1,0.5,adassp,,13500
pol,1.1,1,vfl,10102,13500
pol,1.1,1,adassp,7045,13500
pol,1.1,2,vfl,5328,13500
pol,1.1,2,adassp,3546,13500
pol,1.1,4,vfl,2754,13500
pol,1.1,4,adassp,1688,13500
pol,1.25,0.5,vfl,9599,13500
pol,1.25,0.5,adassp,6966,13500
pol,1.25,1,vfl,4962,13500
pol,1.25,1,adassp,3487,13500
pol,1.25,2,vfl,2604,13500
pol,1.25,2,adassp,1672,13500
pol,1.25,4,vfl,1364,13500
pol,1.25,4,adassp,801,13500
protein,1.1,0.5,vfl,5430,41157
protein,1.1,0.5,adassp,3685,41157
protein,1.1,1,vfl,2811,41157
protein,1.1,1,adassp,1725,41157
protein,1.1,2,vfl,1380,41157
protein,1.1,2,adassp,784,41157
protein,1.1,4,vfl,619,41157
protein,1.1,4,adassp,295,41157
protein,1.25,0.5,vfl,717,41157
protein,1.25,0.5,adassp,555,41157
protein,1.25,1,vfl,301,41157
protein,1.25,1,adassp,196,41157
protein,1.25,2,vfl,100,41157
protein,1.25,2,adassp,100,41157
protein,1.25,4,vfl,100,41157
protein,1.25,4,adassp,100,41157
