dataset,n_matched,eps,method,ratio_to_nonprivate,ci95_lo,ci95_hi,nonprivate_mse,trivial_ratio,vfl_gate_pass
bike,100,0.5,vfl,3.3713,3.2246,3.518,0.031646,3.4,0.992
bike,100,0.5,adassp,3.3724,3.2438,3.501,0.031646,3.4,
bike,100,1,vfl,3.2036,3.0805,3.3267,0.031646,3.4,0.993
bike,100,1,adassp,3.1823,3.0377,3.3269,0.031646,3.4,
bike,100,2,vfl,3.0053,2.8749,3.1358,0.031646,3.4,1.000
bike,100,2,adassp,2.8596,2.7317,2.9876,0.031646,3.4,
bike,100,4,vfl,2.6693,2.5544,2.7842,0.031646,3.4,1.000
bike,100,4,adassp,2.4091,2.3145,2.5038,0.031646,3.4,
bike,161,0.5,vfl,3.4401,3.3689,3.5114,0.030223,3.553,0.997
bike,161,0.5,adassp,3.3832,3.2624,3.5039,0.030223,3.553,
bike,161,1,vfl,3.2026,3.1058,3.2994,0.030223,3.553,0.997
bike,161,1,adassp,3.0948,3.0266,3.1629,0.030223,3.553,
bike,161,2,vfl,2.9062,2.8378,2.9745,0.030223,3.553,0.995
bike,161,2,adassp,2.6965,2.6321,2.7609,0.030223,3.553,
bike,161,4,vfl,2.4806,2.3957,2.5655,0.030223,3.553,1.000
bike,161,4,adassp,2.1645,2.0886,2.2403,0.030223,3.553,
bike,260,0.5,vfl,3.3587,3.3007,3.4167,0.029458,3.648,1.000
bike,260,0.5,adassp,3.2895,3.2139,3.365,0.029458,3.648,
bike,260,1,vfl,3.0785,3.0244,3.1326,0.029458,3.648,1.000
bike,260,1,adassp,2.898,2.7798,3.0162,0.029458,3.648,
bike,260,2,vfl,2.6488,2.5911,2.7065,0.029458,3.648,1.000
bike,260,2,adassp,2.3781,2.3248,2.4315,0.029458,3.648,
bike,260,4,vfl,2.1872,2.1268,2.2475,0.029458,3.648,1.000
bike,260,4,adassp,1.8441,1.8044,1.8838,0.029458,3.648,
bike,420,0.5,vfl,3.2536,3.1579,3.3492,0.028847,3.728,1.000
bike,420,0.5,adassp,3.1091,3.0525,3.1657,0.028847,3.728,
bike,420,1,vfl,2.837,2.7796,2.8943,0.028847,3.728,1.000
bike,420,1,adassp,2.5638,2.5184,2.6092,0.028847,3.728,
bike,420,2,vfl,2.3456,2.3004,2.3908,0.028847,3.728,1.000
bike,420,2,adassp,2.0351,1.9938,2.0764,0.028847,3.728,
bike,420,4,vfl,1.873,1.8287,1.9173,0.028847,3.728,1.000
bike,420,4,adassp,1.5616,1.5389,1.5844,0.028847,3.728,
bike,677,0.5,vfl,2.9515,2.8932,3.0099,0.028504,3.772,1.000
bike,677,0.5,adassp,2.7779,2.7452,2.8106,0.028504,3.772,
bike,677,1,vfl,2.4979,2.4593,2.5365,0.028504,3.772,1.000
bike,677,1,adassp,2.1949,2.1546,2.2352,0.028504,3.772,
bike,677,2,vfl,1.9715,1.9371,2.0059,0.028504,3.772,1.000
bike,677,2,adassp,1.6902,1.6573,1.7231,0.028504,3.772,
bike,677,4,vfl,1.5696,1.5398,1.5994,0.028504,3.772,1.000
bike,677,4,adassp,1.3486,1.3203,1.3768,0.028504,3.772,
bike,1000,0.5,vfl,2.7149,2.6609,2.7689,0.028346,3.793,1.000
bike,1000,0.5,adassp,2.4669,2.4263,2.5074,0.028346,3.793,
bike,1000,1,vfl,2.1947,2.1632,2.2262,0.028346,3.793,1.000
bike,1000,1,adassp,1.9246,1.8927,1.9565,0.028346,3.793,
bike,1000,2,vfl,1.7211,1.6934,1.7489,0.028346,3.793,1.000
bike,1000,2,adassp,1.4742,1.4467,1.5016,0.028346,3.793,
bike,1000,4,vfl,1.3842,1.3609,1.4076,0.028346,3.793,1.000
bike,1000,4,adassp,1.2175,1.2028,1.2323,0.028346,3.793,
bike,1092,0.5,vfl,2.6643,2.6049,2.7238,0.028321,3.796,1.000
bike,1092,0.5,adassp,2.4071,2.3606,2.4537,0.028321,3.796,
bike,1092,1,vfl,2.1394,2.0947,2.1841,0.028321,3.796,1.000
bike,1092,1,adassp,1.8608,1.8275,1.894,0.028321,3.796,
bike,1092,2,vfl,1.6855,1.6613,1.7098,0.028321,3.796,1.000
bike,1092,2,adassp,1.439,1.4159,1.4621,0.028321,3.796,
bike,1092,4,vfl,1.348,1.3277,1.3684,0.028321,3.796,1.000
bike,1092,4,adassp,1.1968,1.1813,1.2124,0.028321,3.796,
bike,1761,0.5,vfl,2.2911,2.2566,2.3256,0.028124,3.823,1.000
bike,1761,0.5,adassp,2.0406,2.0029,2.0782,0.028124,3.823,
bike,1761,1,vfl,1.8026,1.768,1.8371,0.028124,3.823,1.000
bike,1761,1,adassp,1.5683,1.5444,1.5923,0.028124,3.823,
bike,1761,2,vfl,1.4189,1.4002,1.4376,0.028124,3.823,1.000
bike,1761,2,adassp,1.2637,1.2515,1.276,0.028124,3.823,
bike,1761,4,vfl,1.2044,1.1911,1.2176,0.028124,3.823,1.000
bike,1761,4,adassp,1.1051,1.0969,1.1133,0.028124,3.823,
bike,2840,0.5,vfl,1.9221,1.8844,1.9598,0.028022,3.836,1.000
bike,2840,0.5,adassp,1.7001,1.6641,1.7361,0.028022,3.836,
bike,2840,1,vfl,1.5165,1.4905,1.5425,0.028022,3.836,1.000
bike,2840,1,adassp,1.3429,1.3253,1.3606,0.028022,3.836,
bike,2840,2,vfl,1.2477,1.2299,1.2654,0.028022,3.836,1.000
bike,2840,2,adassp,1.1426,1.131,1.1542,0.028022,3.836,
bike,2840,4,vfl,1.1085,1.0962,1.1208,0.028022,3.836,1.000
bike,2840,4,adassp,1.0547,1.0472,1.0622,0.028022,3.836,
bike,4580,0.5,vfl,1.6037,1.5781,1.6293,0.027987,3.841,1.000
bike,4580,0.5,adassp,1.4374,1.4148,1.4599,0.027987,3.841,
bike,4580,1,vfl,1.3053,1.2873,1.3233,0.027987,3.841,1.000
bike,4580,1,adassp,1.1941,1.1789,1.2093,0.027987,3.841,
bike,4580,2,vfl,1.1361,1.1228,1.1495,0.027987,3.841,1.000
bike,4580,2,adassp,1.0732,1.0637,1.0827,0.027987,3.841,
bike,4580,4,vfl,1.0532,1.0451,1.0612,0.027987,3.841,1.000
bike,4580,4,adassp,1.0245,1.0187,1.0303,0.027987,3.841,
bike,7388,0.5,vfl,1.3714,1.3537,1.389,0.027958,3.845,1.000
bike,7388,0.5,adassp,1.2468,1.2298,1.2638,0.027958,3.845,
bike,7388,1,vfl,1.1675,1.1548,1.1801,0.027958,3.845,1.000
bike,7388,1,adassp,1.1015,1.0899,1.1131,0.027958,3.845,
bike,7388,2,vfl,1.068,1.0598,1.0762,0.027958,3.845,1.000
bike,7388,2,adassp,1.0353,1.0289,1.0418,0.027958,3.845,
bike,7388,4,vfl,1.0245,1.0187,1.0304,0.027958,3.845,1.000
bike,7388,4,adassp,1.0111,1.0072,1.0149,0.027958,3.845,
bike,10000,0.5,vfl,1.2574,1.2432,1.2715,0.027929,3.849,1.000
bike,10000,0.5,adassp,1.1681,1.1553,1.1808,0.027929,3.849,
bike,10000,1,vfl,1.1128,1.1014,1.1241,0.027929,3.849,1.000
bike,10000,1,adassp,1.0653,1.0558,1.0748,0.027929,3.849,
bike,10000,2,vfl,1.0425,1.0357,1.0493,0.027929,3.849,1.000
bike,10000,2,adassp,1.021,1.0161,1.026,0.027929,3.849,
bike,10000,4,vfl,1.015,1.0106,1.0194,0.027929,3.849,1.000
bike,10000,4,adassp,1.0067,1.0038,1.0095,0.027929,3.849,
bike,11916,0.5,vfl,1.2084,1.1924,1.2244,0.027928,3.849,1.000
bike,11916,0.5,adassp,1.136,1.1237,1.1482,0.027928,3.849,
bike,11916,1,vfl,1.0869,1.077,1.0967,0.027928,3.849,1.000
bike,11916,1,adassp,1.0498,1.0424,1.0573,0.027928,3.849,
bike,11916,2,vfl,1.0311,1.0245,1.0378,0.027928,3.849,1.000
bike,11916,2,adassp,1.0156,1.0111,1.0201,0.027928,3.849,
bike,11916,4,vfl,1.0107,1.0069,1.0145,0.027928,3.849,1.000
bike,11916,4,adassp,1.0047,1.0022,1.0072,0.027928,3.849,
bike,15641,0.5,vfl,1.1465,1.1359,1.1571,0.027921,3.85,1.000
bike,15641,0.5,adassp,1.0938,1.0845,1.103,0.027921,3.85,
bike,15641,1,vfl,1.0574,1.0495,1.0653,0.027921,3.85,1.000
bike,15641,1,adassp,1.0321,1.0266,1.0376,0.027921,3.85,
bike,15641,2,vfl,1.0206,1.0156,1.0257,0.027921,3.85,1.000
bike,15641,2,adassp,1.0102,1.007,1.0134,0.027921,3.85,
bike,15641,4,vfl,1.0069,1.0041,1.0096,0.027921,3.85,1.000
bike,15641,4,adassp,1.003,1.0012,1.0048,0.027921,3.85,
elevators,100,0.5,vfl,2.7286,2.5628,2.8943,0.01415,2.604,0.988
elevators,100,0.5,adassp,2.9748,2.8174,3.1323,0.01415,2.604,
elevators,100,1,vfl,2.6442,2.4778,2.8107,0.01415,2.604,0.995
elevators,100,1,adassp,2.795,2.6181,2.9719,0.01415,2.604,
elevators,100,2,vfl,2.4822,2.3342,2.6303,0.01415,2.604,0.993
elevators,100,2,adassp,2.5368,2.382,2.6916,0.01415,2.604,
elevators,100,4,vfl,2.3311,2.1926,2.4696,0.01415,2.604,1.000
elevators,100,4,adassp,2.2853,2.1578,2.4127,0.01415,2.604,
elevators,161,0.5,vfl,3.2008,2.9872,3.4144,0.011716,3.146,0.993
elevators,161,0.5,adassp,3.3653,3.1217,3.6088,0.011716,3.146,
elevators,161,1,vfl,3.1042,2.8857,3.3227,0.011716,3.146,0.997
elevators,161,1,adassp,3.1686,2.9804,3.3567,0.011716,3.146,
elevators,161,2,vfl,2.8592,2.7089,3.0095,0.011716,3.146,0.995
elevators,161,2,adassp,2.8006,2.6806,2.9205,0.011716,3.146,
elevators,161,4,vfl,2.5978,2.4659,2.7296,0.011716,3.146,1.000
elevators,161,4,adassp,2.487,2.3545,2.6195,0.011716,3.146,
elevators,260,0.5,vfl,3.4754,3.3395,3.6113,0.010427,3.528,0.992
elevators,260,0.5,adassp,3.6345,3.4524,3.8166,0.010427,3.528,
elevators,260,1,vfl,3.3161,3.1321,3.5001,0.010427,3.528,0.997
elevators,260,1,adassp,3.3,3.1042,3.4959,0.010427,3.528,
elevators,260,2,vfl,3.0114,2.8846,3.1382,0.010427,3.528,1.000
elevators,260,2,adassp,2.9649,2.8494,3.0803,0.010427,3.528,
elevators,260,4,vfl,2.7192,2.6297,2.8088,0.010427,3.528,0.997
elevators,260,4,adassp,2.5668,2.4763,2.6573,0.010427,3.528,
elevators,420,0.5,vfl,3.6695,3.5064,3.8325,0.0095351,3.853,1.000
elevators,420,0.5,adassp,3.6598,3.5131,3.8066,0.0095351,3.853,
elevators,420,1,vfl,3.3195,3.2273,3.4117,0.0095351,3.853,1.000
elevators,420,1,adassp,3.316,3.2045,3.4274,0.0095351,3.853,
elevators,420,2,vfl,3.0408,2.9607,3.1209,0.0095351,3.853,1.000
elevators,420,2,adassp,2.8615,2.7841,2.939,0.0095351,3.853,
elevators,420,4,vfl,2.6928,2.6442,2.7413,0.0095351,3.853,1.000
elevators,420,4,adassp,2.5196,2.4701,2.5692,0.0095351,3.853,
elevators,677,0.5,vfl,3.6235,3.5261,3.7209,0.0089982,4.082,1.000
elevators,677,0.5,adassp,3.6117,3.5061,3.7173,0.0089982,4.082,
elevators,677,1,vfl,3.2934,3.2105,3.3763,0.0089982,4.082,1.000
elevators,677,1,adassp,3.1591,3.0837,3.2344,0.0089982,4.082,
elevators,677,2,vfl,2.9141,2.8456,2.9825,0.0089982,4.082,0.997
elevators,677,2,adassp,2.7766,2.7282,2.8249,0.0089982,4.082,
elevators,677,4,vfl,2.6142,2.5594,2.669,0.0089982,4.082,1.000
elevators,677,4,adassp,2.3996,2.3329,2.4663,0.0089982,4.082,
elevators,1000,0.5,vfl,3.5053,3.4152,3.5954,0.0087977,4.175,1.000
elevators,1000,0.5,adassp,3.4445,3.3391,3.5499,0.0087977,4.175,
elevators,1000,1,vfl,3.1181,3.0588,3.1775,0.0087977,4.175,1.000
elevators,1000,1,adassp,3.0047,2.9458,3.0637,0.0087977,4.175,
elevators,1000,2,vfl,2.7937,2.7416,2.8457,0.0087977,4.175,1.000
elevators,1000,2,adassp,2.6331,2.5867,2.6796,0.0087977,4.175,
elevators,1000,4,vfl,2.458,2.3976,2.5185,0.0087977,4.175,1.000
elevators,1000,4,adassp,2.2318,2.1874,2.2761,0.0087977,4.175,
elevators,1092,0.5,vfl,3.4488,3.354,3.5437,0.0087686,4.189,1.000
elevators,1092,0.5,adassp,3.4099,3.3184,3.5014,0.0087686,4.189,
elevators,1092,1,vfl,3.0976,3.0112,3.1841,0.0087686,4.189,1.000
elevators,1092,1,adassp,2.9722,2.91,3.0344,0.0087686,4.189,
elevators,1092,2,vfl,2.7531,2.6896,2.8167,0.0087686,4.189,1.000
elevators,1092,2,adassp,2.5557,2.5047,2.6067,0.0087686,4.189,
elevators,1092,4,vfl,2.4439,2.3886,2.4993,0.0087686,4.189,1.000
elevators,1092,4,adassp,2.195,2.1505,2.2395,0.0087686,4.189,
elevators,1761,0.5,vfl,3.1978,3.0978,3.2977,0.0086774,4.234,0.997
elevators,1761,0.5,adassp,3.1364,3.043,3.2298,0.0086774,4.234,
elevators,1761,1,vfl,2.8603,2.7958,2.9247,0.0086774,4.234,1.000
elevators,1761,1,adassp,2.723,2.6527,2.7934,0.0086774,4.234,
elevators,1761,2,vfl,2.5415,2.4862,2.5967,0.0086774,4.234,1.000
elevators,1761,2,adassp,2.3268,2.2753,2.3783,0.0086774,4.234,
elevators,1761,4,vfl,2.1917,2.139,2.2444,0.0086774,4.234,1.000
elevators,1761,4,adassp,1.9421,1.8931,1.9911,0.0086774,4.234,
elevators,2840,0.5,vfl,2.9561,2.8852,3.0271,0.0086327,4.256,1.000
elevators,2840,0.5,adassp,2.8594,2.7897,2.9291,0.0086327,4.256,
elevators,2840,1,vfl,2.6312,2.5551,2.7073,0.0086327,4.256,1.000
elevators,2840,1,adassp,2.4598,2.3993,2.5203,0.0086327,4.256,
elevators,2840,2,vfl,2.2898,2.2371,2.3424,0.0086327,4.256,1.000
elevators,2840,2,adassp,2.045,1.9988,2.0913,0.0086327,4.256,
elevators,2840,4,vfl,1.9484,1.8983,1.9986,0.0086327,4.256,1.000
elevators,2840,4,adassp,1.6697,1.6279,1.7114,0.0086327,4.256,
elevators,4580,0.5,vfl,2.7276,2.641,2.8142,0.0086076,4.27,1.000
elevators,4580,0.5,adassp,2.5719,2.5023,2.6415,0.0086076,4.27,
elevators,4580,1,vfl,2.3897,2.3077,2.4717,0.0086076,4.27,1.000
elevators,4580,1,adassp,2.1797,2.1072,2.2522,0.0086076,4.27,
elevators,4580,2,vfl,2.0326,1.9663,2.0989,0.0086076,4.27,1.000
elevators,4580,2,adassp,1.7942,1.7299,1.8585,0.0086076,4.27,
elevators,4580,4,vfl,1.686,1.6298,1.7421,0.0086076,4.27,1.000
elevators,4580,4,adassp,1.4341,1.39,1.4782,0.0086076,4.27,
elevators,7388,0.5,vfl,2.4656,2.3747,2.5566,0.0086113,4.268,1.000
elevators,7388,0.5,adassp,2.3033,2.2245,2.382,0.0086113,4.268,
elevators,7388,1,vfl,2.1245,2.0564,2.1926,0.0086113,4.268,1.000
elevators,7388,1,adassp,1.9017,1.8381,1.9653,0.0086113,4.268,
elevators,7388,2,vfl,1.7565,1.6946,1.8184,0.0086113,4.268,1.000
elevators,7388,2,adassp,1.5282,1.4808,1.5755,0.0086113,4.268,
elevators,7388,4,vfl,1.4401,1.3931,1.4872,0.0086113,4.268,1.000
elevators,7388,4,adassp,1.2503,1.214,1.2866,0.0086113,4.268,
elevators,10000,0.5,vfl,2.2948,2.2098,2.3799,0.0086361,4.259,1.000
elevators,10000,0.5,adassp,2.1145,2.0249,2.2041,0.0086361,4.259,
elevators,10000,1,vfl,1.9519,1.87,2.0338,0.0086361,4.259,1.000
elevators,10000,1,adassp,1.7272,1.6601,1.7943,0.0086361,4.259,
elevators,10000,2,vfl,1.5984,1.5305,1.6664,0.0086361,4.259,1.000
elevators,10000,2,adassp,1.3861,1.3295,1.4427,0.0086361,4.259,
elevators,10000,4,vfl,1.3166,1.2663,1.367,0.0086361,4.259,1.000
elevators,10000,4,adassp,1.1695,1.1271,1.2119,0.0086361,4.259,
elevators,11916,0.5,vfl,2.1984,2.0913,2.3055,0.0086873,4.237,1.000
elevators,11916,0.5,adassp,2.017,1.9225,2.1116,0.0086873,4.237,
elevators,11916,1,vfl,1.8452,1.7559,1.9345,0.0086873,4.237,1.000
elevators,11916,1,adassp,1.628,1.5571,1.6988,0.0086873,4.237,
elevators,11916,2,vfl,1.5065,1.4368,1.5762,0.0086873,4.237,1.000
elevators,11916,2,adassp,1.3132,1.2558,1.3706,0.0086873,4.237,
elevators,11916,4,vfl,1.2516,1.1979,1.3054,0.0086873,4.237,1.000
elevators,11916,4,adassp,1.1233,1.0758,1.1708,0.0086873,4.237,
elevators,14939,0.5,vfl,2.0756,1.9846,2.1666,0.0086762,4.24,1.000
elevators,14939,0.5,adassp,1.8908,1.8053,1.9763,0.0086762,4.24,
elevators,14939,1,vfl,1.7187,1.6456,1.7917,0.0086762,4.24,1.000
elevators,14939,1,adassp,1.5177,1.4568,1.5786,0.0086762,4.24,
elevators,14939,2,vfl,1.3989,1.3421,1.4556,0.0086762,4.24,1.000
elevators,14939,2,adassp,1.24,1.1901,1.2898,0.0086762,4.24,
elevators,14939,4,vfl,1.1871,1.141,1.2331,0.0086762,4.24,1.000
elevators,14939,4,adassp,1.0871,1.0458,1.1283,0.0086762,4.24,
pol,100,0.5,vfl,2.2476,2.1532,2.3421,0.15144,2.283,1.000
pol,100,0.5,adassp,2.2391,2.1439,2.3342,0.15144,2.283,
pol,100,1,vfl,2.2068,2.1139,2.2997,0.15144,2.283,0.997
pol,100,1,adassp,2.1691,2.0888,2.2493,0.15144,2.283,
pol,100,2,vfl,2.1297,2.0474,2.2119,0.15144,2.283,0.997
pol,100,2,adassp,2.0634,1.9854,2.1414,0.15144,2.283,
pol,100,4,vfl,2.0048,1.9257,2.0838,0.15144,2.283,1.000
pol,100,4,adassp,1.8782,1.7988,1.9576,0.15144,2.283,
pol,161,0.5,vfl,2.3121,2.2322,2.3921,0.1459,2.367,0.988
pol,161,0.5,adassp,2.2777,2.2076,2.3477,0.1459,2.367,
pol,161,1,vfl,2.2362,2.1597,2.3127,0.1459,2.367,0.995
pol,161,1,adassp,2.1799,2.1122,2.2476,0.1459,2.367,
pol,161,2,vfl,2.1201,2.0511,2.1892,0.1459,2.367,0.997
pol,161,2,adassp,2.0146,1.9543,2.0748,0.1459,2.367,
pol,161,4,vfl,1.9625,1.8953,2.0297,0.1459,2.367,1.000
pol,161,4,adassp,1.7917,1.7381,1.8452,0.1459,2.367,
pol,260,0.5,vfl,2.2776,2.1999,2.3553,0.14453,2.39,0.995
pol,260,0.5,adassp,2.2429,2.1654,2.3203,0.14453,2.39,
pol,260,1,vfl,2.1806,2.1018,2.2595,0.14453,2.39,0.995
pol,260,1,adassp,2.1013,2.0282,2.1744,0.14453,2.39,
pol,260,2,vfl,2.0293,1.9625,2.0961,0.14453,2.39,1.000
pol,260,2,adassp,1.8893,1.8216,1.957,0.14453,2.39,
pol,260,4,vfl,1.8143,1.7486,1.8801,0.14453,2.39,0.997
pol,260,4,adassp,1.6163,1.559,1.6735,0.14453,2.39,
pol,420,0.5,vfl,2.2588,2.1912,2.3264,0.14162,2.438,0.995
pol,420,0.5,adassp,2.192,2.1299,2.254,0.14162,2.438,
pol,420,1,vfl,2.1156,2.0554,2.1757,0.14162,2.438,1.000
pol,420,1,adassp,2.0024,1.9378,2.067,0.14162,2.438,
pol,420,2,vfl,1.9088,1.8513,1.9663,0.14162,2.438,1.000
pol,420,2,adassp,1.7338,1.6856,1.7819,0.14162,2.438,
pol,420,4,vfl,1.6467,1.5996,1.6938,0.14162,2.438,1.000
pol,420,4,adassp,1.454,1.4172,1.4908,0.14162,2.438,
pol,677,0.5,vfl,2.1961,2.1414,2.2507,0.13957,2.473,1.000
pol,677,0.5,adassp,2.1065,2.0495,2.1635,0.13957,2.473,
pol,677,1,vfl,1.9976,1.9426,2.0526,0.13957,2.473,1.000
pol,677,1,adassp,1.8517,1.8098,1.8936,0.13957,2.473,
pol,677,2,vfl,1.7357,1.6972,1.7742,0.13957,2.473,1.000
pol,677,2,adassp,1.5556,1.525,1.5862,0.13957,2.473,
pol,677,4,vfl,1.4722,1.4444,1.4999,0.13957,2.473,1.000
pol,677,4,adassp,1.2925,1.2715,1.3136,0.13957,2.473,
pol,1000,0.5,vfl,2.0992,2.0425,2.156,0.13793,2.502,1.000
pol,1000,0.5,adassp,1.9864,1.9371,2.0357,0.13793,2.502,
pol,1000,1,vfl,1.857,1.811,1.903,0.13793,2.502,1.000
pol,1000,1,adassp,1.7021,1.6589,1.7453,0.13793,2.502,
pol,1000,2,vfl,1.5871,1.5496,1.6245,0.13793,2.502,1.000
pol,1000,2,adassp,1.4121,1.3844,1.4398,0.13793,2.502,
pol,1000,4,vfl,1.3342,1.31,1.3584,0.13793,2.502,1.000
pol,1000,4,adassp,1.1937,1.1777,1.2097,0.13793,2.502,
pol,1092,0.5,vfl,2.0815,2.0336,2.1294,0.13744,2.511,1.000
pol,1092,0.5,adassp,1.969,1.9154,2.0226,0.13744,2.511,
pol,1092,1,vfl,1.8326,1.7877,1.8775,0.13744,2.511,1.000
pol,1092,1,adassp,1.6725,1.6329,1.7122,0.13744,2.511,
pol,1092,2,vfl,1.555,1.5215,1.5885,0.13744,2.511,1.000
pol,1092,2,adassp,1.3839,1.3551,1.4126,0.13744,2.511,
pol,1092,4,vfl,1.3125,1.2895,1.3355,0.13744,2.511,1.000
pol,1092,4,adassp,1.1759,1.1598,1.192,0.13744,2.511,
pol,1761,0.5,vfl,1.9146,1.8678,1.9614,0.13612,2.535,1.000
pol,1761,0.5,adassp,1.7817,1.7392,1.8242,0.13612,2.535,
pol,1761,1,vfl,1.6359,1.5971,1.6747,0.13612,2.535,1.000
pol,1761,1,adassp,1.4749,1.4417,1.508,0.13612,2.535,
pol,1761,2,vfl,1.3711,1.3463,1.3959,0.13612,2.535,1.000
pol,1761,2,adassp,1.2336,1.2144,1.2529,0.13612,2.535,
pol,1761,4,vfl,1.1783,1.1626,1.194,0.13612,2.535,1.000
pol,1761,4,adassp,1.0926,1.0821,1.1031,0.13612,2.535,
pol,2840,0.5,vfl,1.7203,1.6797,1.7609,0.13573,2.543,1.000
pol,2840,0.5,adassp,1.5702,1.5377,1.6027,0.13573,2.543,
pol,2840,1,vfl,1.4397,1.4124,1.467,0.13573,2.543,1.000
pol,2840,1,adassp,1.3075,1.286,1.3289,0.13573,2.543,
pol,2840,2,vfl,1.2231,1.2071,1.2391,0.13573,2.543,1.000
pol,2840,2,adassp,1.1305,1.1199,1.1412,0.13573,2.543,
pol,2840,4,vfl,1.0946,1.0852,1.104,0.13573,2.543,1.000
pol,2840,4,adassp,1.0456,1.0395,1.0518,0.13573,2.543,
pol,4580,0.5,vfl,1.5119,1.4791,1.5447,0.1355,2.547,1.000
pol,4580,0.5,adassp,1.38,1.3566,1.4034,0.1355,2.547,
pol,4580,1,vfl,1.2696,1.2516,1.2877,0.1355,2.547,1.000
pol,4580,1,adassp,1.1736,1.1587,1.1885,0.1355,2.547,
pol,4580,2,vfl,1.1186,1.1084,1.1288,0.1355,2.547,1.000
pol,4580,2,adassp,1.0649,1.0575,1.0723,0.1355,2.547,
pol,4580,4,vfl,1.0442,1.0385,1.0499,0.1355,2.547,1.000
pol,4580,4,adassp,1.0199,1.0162,1.0237,0.1355,2.547,
pol,7388,0.5,vfl,1.3289,1.3063,1.3514,0.13509,2.555,1.000
pol,7388,0.5,adassp,1.2317,1.2141,1.2494,0.13509,2.555,
pol,7388,1,vfl,1.1524,1.1398,1.1651,0.13509,2.555,1.000
pol,7388,1,adassp,1.0919,1.0839,1.0999,0.13509,2.555,
pol,7388,2,vfl,1.0597,1.053,1.0665,0.13509,2.555,1.000
pol,7388,2,adassp,1.0313,1.0269,1.0358,0.13509,2.555,
pol,7388,4,vfl,1.0211,1.0175,1.0247,0.13509,2.555,1.000
pol,7388,4,adassp,1.0096,1.0072,1.0119,0.13509,2.555,
pol,10000,0.5,vfl,1.2377,1.2203,1.255,0.13499,2.557,1.000
pol,10000,0.5,adassp,1.1597,1.1462,1.1731,0.13499,2.557,
pol,10000,1,vfl,1.1013,1.0912,1.1115,0.13499,2.557,1.000
pol,10000,1,adassp,1.0599,1.0528,1.067,0.13499,2.557,
pol,10000,2,vfl,1.038,1.0327,1.0434,0.13499,2.557,1.000
pol,10000,2,adassp,1.0198,1.0163,1.0233,0.13499,2.557,
pol,10000,4,vfl,1.0133,1.0105,1.0161,0.13499,2.557,1.000
pol,10000,4,adassp,1.0063,1.0046,1.0081,0.13499,2.557,
pol,11916,0.5,vfl,1.1903,1.1758,1.2048,0.13497,2.557,1.000
pol,11916,0.5,adassp,1.1263,1.1151,1.1376,0.13497,2.557,
pol,11916,1,vfl,1.0782,1.0696,1.0869,0.13497,2.557,1.000
pol,11916,1,adassp,1.0457,1.0399,1.0516,0.13497,2.557,
pol,11916,2,vfl,1.0284,1.0242,1.0326,0.13497,2.557,1.000
pol,11916,2,adassp,1.0148,1.0118,1.0178,0.13497,2.557,
pol,11916,4,vfl,1.0099,1.0077,1.012,0.13497,2.557,1.000
pol,11916,4,adassp,1.0048,1.0033,1.0063,0.13497,2.557,
pol,13500,0.5,vfl,1.1632,1.1496,1.1768,0.13493,2.558,1.000
pol,13500,0.5,adassp,1.1066,1.097,1.1163,0.13493,2.558,
pol,13500,1,vfl,1.065,1.0575,1.0725,0.13493,2.558,1.000
pol,13500,1,adassp,1.0376,1.0326,1.0427,0.13493,2.558,
pol,13500,2,vfl,1.0232,1.0195,1.0269,0.13493,2.558,1.000
pol,13500,2,adassp,1.0121,1.0094,1.0148,0.13493,2.558,
pol,13500,4,vfl,1.0084,1.0063,1.0104,0.13493,2.558,1.000
pol,13500,4,adassp,1.0041,1.0028,1.0054,0.13493,2.558,
protein,100,0.5,vfl,1.3285,1.2978,1.3591,0.12779,1.309,0.985
protein,100,0.5,adassp,1.3509,1.3182,1.3835,0.12779,1.309,
protein,100,1,vfl,1.2823,1.2505,1.3141,0.12779,1.309,0.993
protein,100,1,adassp,1.2851,1.2466,1.3237,0.12779,1.309,
protein,100,2,vfl,1.2395,1.2055,1.2735,0.12779,1.309,0.993
protein,100,2,adassp,1.2112,1.1773,1.2451,0.12779,1.309,
protein,100,4,vfl,1.1822,1.1513,1.2132,0.12779,1.309,1.000
protein,100,4,adassp,1.1421,1.1112,1.1729,0.12779,1.309,
protein,161,0.5,vfl,1.3168,1.3007,1.333,0.12536,1.333,0.993
protein,161,0.5,adassp,1.3281,1.3093,1.3468,0.12536,1.333,
protein,161,1,vfl,1.2816,1.2702,1.2929,0.12536,1.333,1.000
protein,161,1,adassp,1.2662,1.2487,1.2838,0.12536,1.333,
protein,161,2,vfl,1.2183,1.2061,1.2305,0.12536,1.333,0.995
protein,161,2,adassp,1.1859,1.1741,1.1977,0.12536,1.333,
protein,161,4,vfl,1.1618,1.1454,1.1782,0.12536,1.333,1.000
protein,161,4,adassp,1.123,1.1069,1.1391,0.12536,1.333,
protein,260,0.5,vfl,1.3152,1.2956,1.3347,0.12334,1.355,0.990
protein,260,0.5,adassp,1.3101,1.2867,1.3336,0.12334,1.355,
protein,260,1,vfl,1.259,1.2405,1.2776,0.12334,1.355,0.997
protein,260,1,adassp,1.227,1.2072,1.2467,0.12334,1.355,
protein,260,2,vfl,1.1909,1.173,1.2088,0.12334,1.355,0.997
protein,260,2,adassp,1.163,1.1472,1.1789,0.12334,1.355,
protein,260,4,vfl,1.1419,1.1258,1.158,0.12334,1.355,1.000
protein,260,4,adassp,1.1052,1.0906,1.1199,0.12334,1.355,
protein,420,0.5,vfl,1.2971,1.2754,1.3188,0.12184,1.372,0.995
protein,420,0.5,adassp,1.2745,1.2599,1.289,0.12184,1.372,
protein,420,1,vfl,1.2292,1.2112,1.2472,0.12184,1.372,1.000
protein,420,1,adassp,1.1986,1.1819,1.2153,0.12184,1.372,
protein,420,2,vfl,1.168,1.1514,1.1846,0.12184,1.372,1.000
protein,420,2,adassp,1.1308,1.1192,1.1424,0.12184,1.372,
protein,420,4,vfl,1.119,1.1036,1.1345,0.12184,1.372,1.000
protein,420,4,adassp,1.0855,1.0743,1.0967,0.12184,1.372,
protein,677,0.5,vfl,1.2547,1.2312,1.2782,0.12093,1.382,1.000
protein,677,0.5,adassp,1.2327,1.2134,1.2519,0.12093,1.382,
protein,677,1,vfl,1.1917,1.174,1.2094,0.12093,1.382,1.000
protein,677,1,adassp,1.1602,1.1448,1.1756,0.12093,1.382,
protein,677,2,vfl,1.1391,1.1241,1.154,0.12093,1.382,1.000
protein,677,2,adassp,1.107,1.0933,1.1208,0.12093,1.382,
protein,677,4,vfl,1.0956,1.0821,1.1091,0.12093,1.382,1.000
protein,677,4,adassp,1.0672,1.0549,1.0796,0.12093,1.382,
protein,1000,0.5,vfl,1.223,1.2078,1.2382,0.12023,1.39,1.000
protein,1000,0.5,adassp,1.1944,1.1777,1.211,0.12023,1.39,
protein,1000,1,vfl,1.1626,1.1484,1.1769,0.12023,1.39,1.000
protein,1000,1,adassp,1.1366,1.1243,1.1489,0.12023,1.39,
protein,1000,2,vfl,1.1172,1.1035,1.131,0.12023,1.39,1.000
protein,1000,2,adassp,1.0883,1.0759,1.1007,0.12023,1.39,
protein,1000,4,vfl,1.0787,1.0671,1.0903,0.12023,1.39,1.000
protein,1000,4,adassp,1.052,1.0418,1.0622,0.12023,1.39,
protein,1092,0.5,vfl,1.2164,1.2029,1.23,0.12005,1.392,0.997
protein,1092,0.5,adassp,1.1849,1.1681,1.2018,0.12005,1.392,
protein,1092,1,vfl,1.1562,1.1392,1.1731,0.12005,1.392,1.000
protein,1092,1,adassp,1.1313,1.117,1.1456,0.12005,1.392,
protein,1092,2,vfl,1.1122,1.0985,1.1258,0.12005,1.392,1.000
protein,1092,2,adassp,1.084,1.0717,1.0964,0.12005,1.392,
protein,1092,4,vfl,1.0753,1.0639,1.0867,0.12005,1.392,1.000
protein,1092,4,adassp,1.0493,1.0396,1.059,0.12005,1.392,
protein,1761,0.5,vfl,1.1774,1.1623,1.1925,0.11966,1.397,1.000
protein,1761,0.5,adassp,1.1504,1.1353,1.1654,0.11966,1.397,
protein,1761,1,vfl,1.1259,1.1108,1.1409,0.11966,1.397,1.000
protein,1761,1,adassp,1.0986,1.0868,1.1104,0.11966,1.397,
protein,1761,2,vfl,1.0873,1.075,1.0997,0.11966,1.397,1.000
protein,1761,2,adassp,1.0624,1.0517,1.0732,0.11966,1.397,
protein,1761,4,vfl,1.0543,1.0438,1.0647,0.11966,1.397,1.000
protein,1761,4,adassp,1.0331,1.0262,1.04,0.11966,1.397,
protein,2840,0.5,vfl,1.1436,1.1283,1.1588,0.11925,1.401,1.000
protein,2840,0.5,adassp,1.1156,1.102,1.1291,0.11925,1.401,
protein,2840,1,vfl,1.0994,1.0866,1.1122,0.11925,1.401,1.000
protein,2840,1,adassp,1.0756,1.0642,1.087,0.11925,1.401,
protein,2840,2,vfl,1.0649,1.0554,1.0744,0.11925,1.401,1.000
protein,2840,2,adassp,1.0427,1.0355,1.0499,0.11925,1.401,
protein,2840,4,vfl,1.0382,1.0308,1.0456,0.11925,1.401,1.000
protein,2840,4,adassp,1.0227,1.0179,1.0275,0.11925,1.401,
protein,4580,0.5,vfl,1.1094,1.0972,1.1216,0.11914,1.403,1.000
protein,4580,0.5,adassp,1.087,1.0751,1.0989,0.11914,1.403,
protein,4580,1,vfl,1.0728,1.0611,1.0844,0.11914,1.403,1.000
protein,4580,1,adassp,1.0524,1.0437,1.0612,0.11914,1.403,
protein,4580,2,vfl,1.0439,1.0354,1.0524,0.11914,1.403,1.000
protein,4580,2,adassp,1.0281,1.0223,1.034,0.11914,1.403,
protein,4580,4,vfl,1.0251,1.0199,1.0303,0.11914,1.403,1.000
protein,4580,4,adassp,1.0148,1.0114,1.0182,0.11914,1.403,
protein,7388,0.5,vfl,1.083,1.0719,1.0942,0.11908,1.403,1.000
protein,7388,0.5,adassp,1.0632,1.0532,1.0732,0.11908,1.403,
protein,7388,1,vfl,1.0524,1.0438,1.0609,0.11908,1.403,1.000
protein,7388,1,adassp,1.0359,1.0297,1.0421,0.11908,1.403,
protein,7388,2,vfl,1.03,1.0241,1.0358,0.11908,1.403,1.000
protein,7388,2,adassp,1.0191,1.0148,1.0234,0.11908,1.403,
protein,7388,4,vfl,1.017,1.0129,1.021,0.11908,1.403,1.000
protein,7388,4,adassp,1.0104,1.0078,1.0129,0.11908,1.403,
protein,10000,0.5,vfl,1.0677,1.0576,1.0778,0.11906,1.404,1.000
protein,10000,0.5,adassp,1.0502,1.0426,1.0579,0.11906,1.404,
protein,10000,1,vfl,1.0415,1.034,1.0491,0.11906,1.404,1.000
protein,10000,1,adassp,1.0275,1.0218,1.0333,0.11906,1.404,
protein,10000,2,vfl,1.0232,1.0184,1.0281,0.11906,1.404,1.000
protein,10000,2,adassp,1.0147,1.0113,1.0182,0.11906,1.404,
protein,10000,4,vfl,1.0129,1.0099,1.0159,0.11906,1.404,1.000
protein,10000,4,adassp,1.0075,1.0056,1.0094,0.11906,1.404,
protein,11916,0.5,vfl,1.0603,1.0508,1.0699,0.11902,1.404,1.000
protein,11916,0.5,adassp,1.0428,1.0354,1.0503,0.11902,1.404,
protein,11916,1,vfl,1.0355,1.0287,1.0424,0.11902,1.404,1.000
protein,11916,1,adassp,1.0236,1.0187,1.0285,0.11902,1.404,
protein,11916,2,vfl,1.0197,1.0155,1.0239,0.11902,1.404,1.000
protein,11916,2,adassp,1.0126,1.0097,1.0154,0.11902,1.404,
protein,11916,4,vfl,1.0109,1.0086,1.0133,0.11902,1.404,1.000
protein,11916,4,adassp,1.0065,1.0049,1.0081,0.11902,1.404,
protein,19220,0.5,vfl,1.0414,1.0342,1.0486,0.11898,1.405,1.000
protein,19220,0.5,adassp,1.0291,1.0238,1.0343,0.11898,1.405,
protein,19220,1,vfl,1.0235,1.019,1.0281,0.11898,1.405,1.000
protein,19220,1,adassp,1.0155,1.0124,1.0186,0.11898,1.405,
protein,19220,2,vfl,1.0127,1.0101,1.0153,0.11898,1.405,1.000
protein,19220,2,adassp,1.0081,1.0064,1.0098,0.11898,1.405,
protein,19220,4,vfl,1.0071,1.0055,1.0087,0.11898,1.405,1.000
protein,19220,4,adassp,1.0041,1.003,1.0052,0.11898,1.405,
protein,31000,0.5,vfl,1.0271,1.0218,1.0324,0.11894,1.405,1.000
protein,31000,0.5,adassp,1.0186,1.0153,1.0219,0.11894,1.405,
protein,31000,1,vfl,1.015,1.012,1.018,0.11894,1.405,1.000
protein,31000,1,adassp,1.0099,1.0078,1.0119,0.11894,1.405,
protein,31000,2,vfl,1.0082,1.0063,1.01,0.11894,1.405,1.000
protein,31000,2,adassp,1.0051,1.0038,1.0063,0.11894,1.405,
protein,31000,4,vfl,1.0043,1.0032,1.0055,0.11894,1.405,1.000
protein,31000,4,adassp,1.0022,1.0014,1.0029,0.11894,1.405,
protein,41157,0.5,vfl,1.0207,1.0165,1.0249,0.11895,1.405,1.000
protein,41157,0.5,adassp,1.0145,1.0116,1.0174,0.11895,1.405,
protein,41157,1,vfl,1.0115,1.009,1.0139,0.11895,1.405,1.000
protein,41157,1,adassp,1.0075,1.0058,1.0091,0.11895,1.405,
protein,41157,2,vfl,1.0061,1.0046,1.0076,0.11895,1.405,1.000
protein,41157,2,adassp,1.0036,1.0026,1.0046,0.11895,1.405,
protein,41157,4,vfl,1.0031,1.0022,1.0041,0.11895,1.405,1.000
protein,41157,4,adassp,1.0012,1.0007,1.0018,0.11895,1.405,
