coef,beta_true,beta_GT,beta_plain,beta_clip,sigma0_protocol_bc,socket_ridge,socket_bc,mc_mean_ridge,mc_bias_ridge,mc_se_ridge,mc_mean_bc,mc_bias_bc,mc_se_bc,mc_sd_bc,theory_bias_ols
R0,0.2163500540168925,0.2258305345295559,0.2258305345295559,0.2258305345295559,0.2258305345138599,0.1420656865383514,0.1395688700637616,0.23776378740151294,0.01193325287195704,0.003730293498889491,0.2307486435153791,0.004918108985823205,0.003567644745594239,0.15954992341437324,0.0062118853924521536
R1,2.118462908848315,2.123038136739781,2.123038136739781,2.123038136739781,2.123038136745879,2.1191110672864224,2.0867148200420305,2.1577944866258267,0.0347563498860457,0.0040409215458290255,2.1215111805316855,-0.001526956208095509,0.003865370872584899,0.17286464058695025,0.033195619041545874
R2,-1.4574694563208626,-1.45700286627656,-1.45700286627656,-1.45700286627656,-1.4570028662712664,-1.4435340293642591,-1.428458990925484,-1.4688282574679765,-0.011825391191416568,0.0036539902271956206,-1.4531444642078686,0.003858402068691369,0.0034903437867609545,0.1560929194408305,-0.014598865700396877
R3,1.9703353435037927,1.9705294748131468,1.9705294748131468,1.9705294748131468,1.9705294748137607,1.9128600283642911,1.8798627561657373,2.0006902184783564,0.0301607436652096,0.004004446683322922,1.9638055848629374,-0.0067238899502093386,0.0038274044111397073,0.17116672881381878,0.0338304841030616
R4,-0.1413545886783237,-0.143061612280924,-0.143061612280924,-0.143061612280924,-0.1430616122971014,-0.1771075328903625,-0.1809464656518536,-0.1407721923571207,0.0022894199238032986,0.0036885131000665857,-0.14437678543217988,-0.0013151731512558718,0.0035255721149029724,0.15766837817001492,0.003190691446744889
O0,-1.577740130813943,-1.5818426689135152,-1.5818426689135152,-1.5818426689135152,-1.5818426689041667,-1.4716854088717186,-1.4355671061006663,-1.6171891717159896,-0.03534650280247442,0.005333325921039391,-1.573513067267133,0.0083296016463823,0.005051424364234422,0.2259065652325365,-0.039834033560126665
O1,-2.0002122147924277,-2.001799623988345,-2.001799623988345,-2.001799623988345,-2.0017996239772637,-1.9941684438311995,-1.945256278432964,-2.0490369306320586,-0.047237306643713506,0.005435445981376217,-1.9927910687582928,0.009008555230052284,0.005147704802513959,0.23021235733046688,-0.051210504800531326
O2,-0.5259511303030248,-0.5388236571390825,-0.5388236571390825,-0.5388236571390825,-0.5388236571482423,-0.6242732639608972,-0.609306150308601,-0.5503291065859783,-0.011505449446895799,0.005453958125565835,-0.5408124492616854,-0.0019887921226028338,0.005163990846576743,0.2309406913626457,-0.008679314794246166
O3,0.9122357935324028,0.9064934062588226,0.9064934062588226,0.9064934062588226,0.9064934062450758,0.9066416148598933,0.8811675985621018,0.9187767278309353,0.01228332157211276,0.005047158500968386,0.8910701867053702,-0.015423219553452383,0.004784449356060018,0.21396707990110592,0.025747448169265604
O4,0.2744700986794953,0.2827136963150487,0.2827136963150487,0.2827136963150487,0.282713696338398,0.4285925316354528,0.4118656581852037,0.29605054338911063,0.013336847074061908,0.005404576479626889,0.28393798257286174,0.001224286257813012,0.00511643781004798,0.2288140549183488,0.01074599389395238
