config,n,n_R,n_O,eps,sigma,estimator,rmse_vs_gt,rmse_R_vs_gt,rmse_O_vs_gt,maxabs_vs_gt,rel_vs_gt,rmse_vs_true,maxabs_vs_true,rel_vs_true,bias_l2_vs_clip,bias_se_l2,bias_max_abs_z,sampling_rmse_gt_vs_true,ratio_dp_to_sampling,frac_ridge,frac_full_ridge,lam_median,rho0_clean,theory_rmse_first_order,socket_rmse_vs_gt,socket_Psi
n200,200,250,2000,0.25,404.06347553718126,ridge,0.9805034204781515,0.914831459595403,1.0420447762324103,1.688541587391636,0.9984345365557311,0.9693222431152979,1.6684382781439673,0.9984229540159503,3.09471165734305,0.0042806341485400745,1252.6431470644231,0.022860728975099776,42.89029547334774,1.0,1.0,6872.922067630574,0.004418577367070708,74.43991853827362,0.9791659356669212,I
n200,200,250,2000,0.25,404.06347553718126,bc,0.9804727913744241,0.914832283143649,1.0419864120847686,1.688704432187063,0.9984141627029841,0.969291014948526,1.6684895385522842,0.9984018408112854,3.094953456016431,0.004156279947892271,1302.558560456978,0.022860728975099776,42.88895566026651,1.0,1.0,6872.922067630574,0.004418577367070708,74.43991853827362,0.9791049454857967,I
n200,200,250,2000,0.5,213.8646591089122,ridge,0.9781088147067748,0.9102051300027929,1.0415950883768523,1.6797258342628383,0.9959840797837896,0.9669156943520562,1.6598098767491416,0.9959318499991243,3.087145719129811,0.004273061079623819,1246.5505552718553,0.022860728975099776,42.785547904974706,1.0,1.0,3629.7295150898026,0.008348203650418447,39.39991799832485,0.9651145624062802,I
n200,200,250,2000,0.5,213.8646591089122,bc,0.9781282701579,0.9102854989064947,1.0415613934112218,1.6800982831317866,0.9960153998160938,0.9669348351324408,1.6600716010149523,0.9959633231349687,3.087546435770908,0.004148695424645506,1296.5095735859838,0.022860728975099776,42.78639894743912,1.0,1.0,3629.7295150898026,0.008348203650418447,39.39991799832485,0.965379040356409,I
n200,200,250,2000,1.0,113.46273161309779,ridge,0.9727498112483114,0.9023297876116053,1.0384051930513667,1.6672061847724813,0.9905199045268042,0.9615440683384171,1.6477293456772286,0.9903915475337784,3.070115437989773,0.004291361441089271,1191.2144150772074,0.022860728975099776,42.55112828238522,1.0,1.0,1908.914340568464,0.0157354375528045,20.903043728909868,0.9962723916060007,I
n200,200,250,2000,1.0,113.46273161309779,bc,0.9728902984161031,0.9025299754162136,1.038494443403313,1.667795251784422,0.9906750254180543,0.9616846979252834,1.64817452374007,0.9905487284053718,3.070903869107947,0.004166660249961684,1239.3208975704308,0.022860728975099776,42.55727363181589,1.0,1.0,1908.914340568464,0.0157354375528045,20.903043728909868,0.9958587894601545,I
n200,200,250,2000,2.0,60.63943818402562,ridge,0.963506320784827,0.891211691690409,1.0307427326830625,1.6399817266246208,0.9811071560363545,0.9522931671434149,1.6214056308664568,0.9808625837098532,3.040897683969165,0.004266367274616109,1190.0021917627578,0.022860728975099776,42.14678901247163,1.0,1.0,1010.9931076769026,0.02944264955836688,11.1714993111526,0.9754136581874034,I
n200,200,250,2000,2.0,60.63943818402562,bc,0.9638576606939853,0.8915450027315023,1.0311113849926443,1.641013132414149,0.981477130751399,0.9526447046340404,1.6222481969341764,0.9812371599175144,3.042352817855477,0.0041426074921775725,1238.1044357762476,0.022860728975099776,42.162157722259536,1.0,1.0,1010.9931076769026,0.02944264955836688,11.1714993111526,0.9754780195186429,I
n200,200,250,2000,4.0,32.88225393726727,ridge,0.9494012524715199,0.8732922259403051,1.0198461474659835,1.6093075713611646,0.9667394082176975,0.9381781989394724,1.5922519796458976,0.9663191272033455,2.9962912602705716,0.004235800253487058,1156.7652429048953,0.022860728975099776,41.529789076525994,1.0,1.0,539.5006073866359,0.05429633051537995,6.057841038937865,0.9673461717036302,I
n200,200,250,2000,4.0,32.88225393726727,bc,0.9500791777432133,0.8738319903154221,1.020646138808073,1.6106567164407015,0.9674423127381372,0.9388562335288081,1.5933685098418842,0.9670303777715226,2.9987809028836176,0.004113055648753401,1204.4105869405428,0.022860728975099776,41.559443654576924,1.0,1.0,539.5006073866359,0.05429633051537995,6.057841038937865,0.9673801542108033,I
n200,200,250,2000,8.0,18.255254552646303,ridge,0.9248253427000261,0.8448380383031246,0.9984250187352928,1.5687615543838045,0.9416722724576454,0.9135999604607185,1.5539367763283911,0.9409599782439756,2.918171121233919,0.004319439185441622,1076.8907825528358,0.022860728975099776,40.45476168793037,1.0,1.0,292.6854802770046,0.0978011959635866,3.36313412140958,0.9473606251363955,I
n200,200,250,2000,8.0,18.255254552646303,bc,0.9261048022934673,0.8457525397640275,1.0000214253428479,1.5707110146750702,0.9429906880874797,0.9148787294971901,1.5556619070098223,0.9422930609267552,2.9225934952904415,0.004193202388538788,1122.002373047466,0.022860728975099776,40.51072926424146,1.0,1.0,292.6854802770046,0.0978011959635866,3.36313412140958,0.9480077109819827,I
n400,400,500,4000,0.25,404.06347553718126,ridge,0.9348399032464568,0.895436597554644,0.9726482350590331,1.2728904021073517,0.9979804024900406,0.927646682956733,1.2757984913140907,0.9979740782052079,2.9501479511697433,0.004236830416679074,911.0065572050768,0.016499379608677152,56.659094185263626,1.0,1.0,6845.856851853443,0.00929769600021213,34.18895602903281,0.9325331347720348,I
n400,400,500,4000,0.25,404.06347553718126,bc,0.9348431125058834,0.8954083656827014,0.9726803938934971,1.2722276245387416,0.9979961385036197,0.9276494947889552,1.27530443582297,0.9979897065298852,2.9505048336213453,0.004114280257590159,947.3135724674529,0.016499379608677152,56.659288693148326,1.0,1.0,6845.856851853443,0.00929769600021213,34.18895602903281,0.9327780064134988,I
n400,400,500,4000,0.5,213.8646591089122,ridge,0.929143242452422,0.890120859318441,0.9665915299629936,1.2640854809739734,0.9918886249581909,0.92194678046886,1.2667504992513918,0.9918316542489947,2.9319920693128556,0.004272728147351733,922.6110472892913,0.016499379608677152,56.31382903414006,1.0,1.0,3599.706432223773,0.017566527241981822,18.09569503088103,0.925562871624136,I
n400,400,500,4000,0.5,213.8646591089122,bc,0.9293120887577603,0.8901948133978231,0.9668480288143724,1.2636624964355905,0.9920815655418942,0.9221160024354205,1.2664926202500502,0.9920266920526436,2.9328783104222023,0.004150399088082503,959.2855211257922,0.016499379608677152,56.32406252832851,1.0,1.0,3599.706432223773,0.017566527241981822,18.09569503088103,0.9259666522767017,I
n400,400,500,4000,1.0,113.46273161309779,ridge,0.9230902551160025,0.8842798878162108,0.9603334411463567,1.253492891338022,0.9854272520609193,0.9159085177587744,1.255601419731348,0.9853359869606634,2.9129934596278537,0.004209692184406205,915.2979412401077,0.016499379608677152,55.94696752298142,1.0,1.0,1890.8446468637887,0.033110954644953935,9.600403344788822,0.9202520538263617,I
n400,400,500,4000,1.0,113.46273161309779,bc,0.9234259599463253,0.8844590913878024,0.9608137814722724,1.2533260799538362,0.9857984716527741,0.9162448410863118,1.2556474651001241,0.9857109538377657,2.914398394699766,0.004089850784490091,952.2911853888635,0.016499379608677152,55.96731403529187,1.0,1.0,1890.8446468637887,0.033110954644953935,9.600403344788822,0.9207294049802938,I
n400,400,500,4000,2.0,60.63943818402562,ridge,0.9105412031176621,0.8733382881535036,0.946282621416576,1.2313808256386773,0.9720223621678489,0.9033568608323989,1.2328010803764575,0.9718244771208601,2.873327509268631,0.004174882026456177,922.9839929428896,0.016499379608677152,55.18639031971853,1.0,1.0,993.1553357408118,0.061954059484072524,5.130874754127913,0.892612275049197,I
n400,400,500,4000,2.0,60.63943818402562,bc,0.911234558608324,0.8737194952433395,0.9472650554284892,1.2318162788247,0.9727757917380109,0.9040522258207219,1.2334746034031832,0.9725861106395794,2.8758627124925447,0.0040567427869002675,955.4329971369648,0.016499379608677152,55.22841344465453,1.0,1.0,993.1553357408118,0.061954059484072524,5.130874754127913,0.8935260171654325,I
n400,400,500,4000,4.0,32.88225393726727,ridge,0.8857324916840494,0.8510759857266177,0.9190831084124739,1.1954956759789466,0.9454906985648435,0.8785628942672967,1.196027773579436,0.9451026951845247,2.794552788630437,0.004225697358091222,876.0529530803475,0.016499379608677152,53.68277551588884,1.0,1.0,521.3839184249841,0.11425188089299457,2.782260714117116,0.8682035850109868,I
n400,400,500,4000,4.0,32.88225393726727,bc,0.8871103215466428,0.8518451005123987,0.921026259083962,1.1967778103288833,0.9469778949621341,0.8799448439900703,1.1975443333581923,0.9466060915901128,2.7992822758590052,0.004103827933236015,906.498998621947,0.016499379608677152,53.76628349590215,1.0,1.0,521.3839184249841,0.11425188089299457,2.782260714117116,0.8697088100263973,I
n400,400,500,4000,8.0,18.255254552646303,ridge,0.8424224234409694,0.8112832180515043,0.8724509264940391,1.1364028531790038,0.8992354110281001,0.8352746531890022,1.1354129414802203,0.8985120747976121,2.6571058572102144,0.004275636783605315,825.9902235158913,0.016499379608677152,51.057824198307,1.0,1.0,274.95094797720424,0.20579605447294427,1.5446288342926313,0.821395482980358,I
n400,400,500,4000,8.0,18.255254552646303,bc,0.8449745595417522,0.8127693313353471,0.8759965905106302,1.1389478431735387,0.9019791994224734,0.8378349111001795,1.1382074962159696,0.9012861621535407,2.665605626505292,0.004146317560222692,845.7730390333596,0.016499379608677152,51.2125049294201,1.0,1.0,274.95094797720424,0.20579605447294427,1.5446288342926313,0.8244111797618685,I
n1000,1000,1250,4000,0.25,404.06347553718126,ridge,1.0222465077770115,0.5844026599719042,1.3222894449939293,2.50869213132213,0.9847943169967902,1.0206091691613983,2.518313292227441,0.9847596794116367,3.227090656221169,0.004229835378611723,1792.9280783890772,0.008497779950157961,120.29571414802398,1.0,1.0,6769.9360552582075,0.025371058093946776,15.878320629111876,1.0231961233308948,I
n1000,1000,1250,4000,0.25,404.06347553718126,bc,1.022610592139178,0.5846040942471956,1.322763357256277,2.5110106348042422,0.9851580137137278,1.0209752412751918,2.5206317957095536,0.9851259208856775,3.2285609393610124,0.004107028126563799,1865.2608193340814,0.008497779950157961,120.33855879266079,1.0,1.0,6769.9360552582075,0.025371058093946776,15.878320629111876,1.0233033367793285,I
n1000,1000,1250,4000,0.5,213.8646591089122,ridge,1.0090678344739505,0.5701985061749569,1.3081702690000807,2.4633468870219715,0.9720900556774136,1.0074314485263136,2.472968047927282,0.9720365693799196,3.185253017265915,0.004263821165855844,1795.2725360790841,0.008497779950157961,118.74487694344138,1.0,1.0,3538.338386589176,0.047934604783276526,8.404153887090304,1.010003821884036,I
n1000,1000,1250,4000,0.5,213.8646591089122,bc,1.0097968669870203,0.5704850394305583,1.3091700595948252,2.4669357320985497,0.9728058649736135,1.008163356937424,2.4765568930038606,0.9727563230465682,3.1878866103249885,0.004140847262017773,1868.2047484836178,0.008497779950157961,118.83066788146823,1.0,1.0,3538.338386589176,0.047934604783276526,8.404153887090304,1.010591790092648,I
n1000,1000,1250,4000,1.0,113.46273161309779,ridge,0.9865675573993821,0.5488520158243769,1.2827285587182828,2.392160933527295,0.9504015175445739,0.984936697506145,2.401782094432606,0.9503191618524511,3.1139681436272295,0.004264741588034921,1731.9434500443292,0.008497779950157961,116.09709396876572,1.0,1.0,1831.6284716523778,0.09035141112636903,4.458699538760599,0.9838426603873193,I
n1000,1000,1250,4000,1.0,113.46273161309779,bc,0.9879335339159944,0.5492871667837425,1.2846435082458396,2.3976691028881247,0.9517319906388029,0.9863067324983957,2.4072902637934352,0.9516556960410144,3.1186352087308298,0.004138734005770164,1804.5088741311586,0.008497779950157961,116.2578390721485,1.0,1.0,1831.6284716523778,0.09035141112636903,4.458699538760599,0.9851342852094201,I
n1000,1000,1250,4000,2.0,60.63943818402562,ridge,0.9449525288686544,0.5176284575801374,1.2320435639756164,2.2756784214222496,0.9102821359368811,0.9433376676636892,2.285299582327561,0.9101522830791211,2.9817673072463857,0.004383820335622044,1632.1698134612393,0.008497779950157961,111.19992920634397,1.0,1.0,944.524702823041,0.169056940804515,2.382923724979365,0.9868519075914081,I
n1000,1000,1250,4000,2.0,60.63943818402562,bc,0.9475906838980186,0.5183537855169699,1.2357854026734805,2.2846263067687422,0.9128409971036431,0.9459816243781416,2.294247467674054,0.9127208153807279,2.9905166263166145,0.004249082520339197,1705.0513265893617,0.008497779950157961,111.51038147091633,1.0,1.0,944.524702823041,0.169056940804515,2.382923724979365,0.9880360782724434,I
n1000,1000,1250,4000,4.0,32.88225393726727,ridge,0.8730034991931929,0.4731953236539573,1.1403317082670046,2.0881685740710947,0.8408608870460217,0.8714082869285189,2.097789734976405,0.8406409850067211,2.752537655351809,0.004738671064202291,1376.5953565985124,0.008497779950157961,102.73312610041933,1.0,1.0,474.47149721830067,0.3117644529798262,1.292160768378487,0.8879966153842654,I
n1000,1000,1250,4000,4.0,32.88225393726727,bc,0.8778696484541085,0.4744375453405771,1.1472659913573173,2.1030647778258826,0.8455782538614209,0.8762835298860476,2.112685938731193,0.8453746054094243,2.768523407917746,0.004574399507682193,1449.4460317079543,0.008497779950157961,103.30576381161649,1.0,1.0,474.47149721830067,0.3117644529798262,1.292160768378487,0.8920144510139455,I
n1000,1000,1250,4000,8.0,18.255254552646303,ridge,0.7509426128995444,0.4019229233245856,0.9829992774376843,1.7862877273197817,0.7229702711606175,0.7494136840026153,1.7959088882250926,0.722629381139133,2.361666121783274,0.0055548206063325,965.0647787564128,0.008497779950157961,88.36927024517568,1.0,1.0,228.35531348890368,0.561565322572278,0.7173694295620631,0.7197313781826772,I
n1000,1000,1250,4000,8.0,18.255254552646303,bc,0.7594731644084826,0.40396269339039886,0.9951950146891023,1.811163889287702,0.7312570349435558,0.7579589092114519,1.8207850501930127,0.7309434159263306,2.3898680215682613,0.005317611825211921,1032.9327417015718,0.008497779950157961,89.37312672992492,1.0,1.0,228.35531348890368,0.561565322572278,0.7173694295620631,0.7301527544074877,I
n4000,4000,5000,8000,0.25,404.06347553718126,ridge,1.2854038561728884,1.3881848590084938,1.1736562291181483,2.0307077885513234,0.9504474803061893,1.2835404316574652,2.026421816086908,0.9503866967804796,4.060404636443607,0.004228640703037198,1556.97820095662,0.006324287243316986,203.24880997952823,1.0,1.0,6484.696203188928,0.12041457818449373,4.364705806649235,1.2920925408185546,I
n4000,4000,5000,8000,0.25,404.06347553718126,bc,1.2871284294077678,1.389514248484114,1.1758611061001387,2.0325671632503606,0.9517294803512796,1.2852643079041495,2.02826118110596,0.9516699684942982,4.0661186881831775,0.004104363367395533,1590.9892288148014,0.006324287243316986,203.52150050867866,1.0,1.0,6484.696203188928,0.12041457818449373,4.364705806649235,1.2933258878092821,I
n4000,4000,5000,8000,0.5,213.8646591089122,ridge,1.2253167549475161,1.3245312632795803,1.1173268243916918,1.9388664744484514,0.9059880121670159,1.2234574962748093,1.9347340128593853,0.9058686004541043,3.8698810562810735,0.004361830771343184,1405.3868198693906,0.006324287243316986,193.74780236971927,1.0,1.0,3276.5965231449145,0.22750431590378933,2.310172475274453,1.2109117176846727,I
n4000,4000,5000,8000,0.5,213.8646591089122,bc,1.228532290465252,1.3270815959697149,1.1213552581898705,1.9425414009623512,0.9083755446260398,1.2266720371787894,1.938384730321381,0.908258720905811,3.880365498929379,0.004224768073031247,1440.402444895338,0.006324287243316986,194.25624472757295,1.0,1.0,3276.5965231449145,0.22750431590378933,2.310172475274453,1.2152391015186348,I
n4000,4000,5000,8000,1.0,113.46273161309779,ridge,1.112245318875789,1.2039093674080628,1.0123149380451366,1.7641166687430707,0.8222771742007186,1.1104026988010347,1.7602101984512537,0.8220537101799821,3.5103676419448786,0.004911192920936306,1172.6846430460164,0.006324287243316986,175.86888072661836,1.0,1.0,1579.6916580450772,0.42882039128479416,1.2256278369421718,1.1048143384826326,I
n4000,4000,5000,8000,1.0,113.46273161309779,bc,1.1182352731923317,1.2087536658239801,1.0197131105267534,1.7712022995205976,0.826727432650437,1.1163905892869954,1.7672694217274232,0.8265086417080566,3.5298551985139612,0.004724714942223265,1213.137951778799,0.006324287243316986,176.81601580857915,1.0,1.0,1579.6916580450772,0.42882039128479416,1.2256278369421718,1.1113102281105949,I
n4000,4000,5000,8000,2.0,60.63943818402562,ridge,0.9050885419761413,0.9798866900778134,0.8235245061571281,1.448816794954922,0.6687316512071336,0.9032787226478789,1.4455866608902161,0.6683189573595419,2.846960742609655,0.006584473156267071,715.6913461747376,0.006324287243316986,143.11312993137184,1.0,1.0,691.2353141490514,0.8023678058974416,0.6550290337474691,0.8888065395139125,I
n4000,4000,5000,8000,2.0,60.63943818402562,bc,0.9159184898598958,0.988822298355797,0.8366862150225871,1.4617858495561635,0.6768046789267139,0.9141040600383612,1.458534607662252,0.6763998480109142,2.8827835010451444,0.0062715795252856485,752.1165080584394,0.006324287243316986,144.82556762863152,1.0,1.0,691.2353141490514,0.8023678058974416,0.6550290337474691,0.900942802716326,I
n4000,4000,5000,8000,4.0,32.88225393726727,ridge,0.5453139730952671,0.5855640764703025,0.5018459632729678,0.90701279648234,0.4004942218322289,0.5436233262772244,0.9044511456487275,0.39979422419288985,1.6628905092854414,0.010212069648812012,275.39431794672424,0.006324287243316986,86.22536455337514,1.0,1.0,225.34308685389044,1.4796775506750355,0.35519509528769205,0.48578476369551815,I
n4000,4000,5000,8000,4.0,32.88225393726727,bc,0.5629811332000801,0.6008268295477561,0.5224008361154149,0.9304337047894942,0.4138948418663216,0.561269639379851,0.927886825763672,0.41319815123626713,1.727199650998192,0.009652774343076483,297.92061850761235,0.006324287243316986,89.01890624828826,1.0,1.0,225.34308685389044,1.4796775506750355,0.35519509528769205,0.5066891750285156,I
n4000,4000,5000,8000,8.0,18.255254552646303,ridge,0.20915044417885223,0.17251372590648614,0.24026408590191775,0.39035756757150025,0.14825868332427974,0.2095688968850802,0.3908432216324867,0.1487146277015248,0.0796682082475613,0.014685157701799836,8.690603642381035,0.006324287243316986,33.0709906321643,0.0945,0.0,0.0,2.66526729749255,0.19719380832891759,0.07243853924662576,none
n4000,4000,5000,8000,8.0,18.255254552646303,bc,0.19739583356825852,0.16363504803321963,0.22617206121751893,0.3703474451923578,0.14067997086779363,0.19755694120807613,0.37043633509903406,0.14094680505656948,0.02195935421464344,0.013952842356906865,3.2236143400529933,0.006324287243316986,31.212344723407536,0.0945,0.0,0.0,2.66526729749255,0.19719380832891759,0.08131053113479268,none
n16000,16000,20000,32000,0.25,404.06347553718126,ridge,0.6359573700916576,0.6980917998057465,0.5670550169002728,1.1409263007784807,0.8063606344093065,0.6358422262129796,1.1416352684155904,0.8063334861581837,2.0010153982803818,0.0044930685087370414,836.1338103029378,0.0034660645307660488,183.48111076601975,1.0,1.0,5502.490575956988,0.501871792595814,0.6684087884217952,0.6420373475147688,I
n16000,16000,20000,32000,0.25,404.06347553718126,bc,0.6395852322159237,0.7009480457066343,0.5716733120913065,1.1457964285969924,0.8110022114111872,0.6394745967450465,1.1465049791764468,0.8109815995877945,2.0131935030614128,0.004345313203045503,860.0504468102193,0.0034660645307660488,184.52779125683688,1.0,1.0,5502.490575956988,0.501871792595814,0.6684087884217952,0.64539534363913,I
n16000,16000,20000,32000,0.5,213.8646591089122,ridge,0.49994611195817873,0.5476717523767027,0.44715532130662516,0.8936047649838423,0.6332604239474677,0.4998330013058539,0.8943311013126831,0.6332094460299766,1.5635949374601776,0.005227779157769893,571.6755844106731,0.0034660645307660488,144.24027813691157,1.0,1.0,2267.726575421595,0.9482074393931007,0.35377861731052285,0.5286928688789517,I
n16000,16000,20000,32000,0.5,213.8646591089122,bc,0.5067260938264236,0.5530661131987411,0.4556978634582438,0.9029206066511617,0.6419666016713812,0.5066240611816817,0.9036460044940869,0.6419313364781102,1.5866266472871677,0.005017688759011329,596.0110796522465,0.0034660645307660488,146.19638189899197,1.0,1.0,2267.726575421595,0.9482074393931007,0.35377861731052285,0.5340288228739971,I
n16000,16000,20000,32000,1.0,113.46273161309779,ridge,0.2528981434132271,0.2715965011044805,0.23270213250316008,0.4459719711769767,0.3163200727816834,0.2527709158826435,0.44657609879920235,0.3161830841717552,0.7264779453666889,0.007478650765065625,190.7262009414208,0.0034660645307660488,72.96406087319241,1.0,1.0,583.1228469403052,1.7872658088458253,0.18769201266635988,0.2776563226883251,I
n16000,16000,20000,32000,1.0,113.46273161309779,bc,0.2634992158986231,0.28054319463480504,0.2452737032428798,0.46217939968150895,0.33023743082604623,0.26341437812695556,0.46288743535507026,0.3301624674779063,0.7704020014847158,0.007101040370064551,207.71410649175942,0.0034660645307660488,76.02259379757885,1.0,1.0,583.1228469403052,1.7872658088458253,0.18769201266635988,0.28721179057947066,I
n16000,16000,20000,32000,2.0,60.63943818402562,ridge,0.10537995321054101,0.0861556167169142,0.12160213314510482,0.19739499378484254,0.1283731511535148,0.10533065765253434,0.19720961913880924,0.12836545082708908,0.039917972599924474,0.0073996843236099905,9.24214305963275,0.0034660645307660488,30.40334427566199,0.0,0.0,0.0,3.3441612729809376,0.10031080723957499,0.09507062968263971,none
n16000,16000,20000,32000,2.0,60.63943818402562,bc,0.10127450149098477,0.08335770983425604,0.11646691167744994,0.19063692211037556,0.12384041103104282,0.10130206180074859,0.19075168911184165,0.12391509129914728,0.006851398131546986,0.0071613402956760925,1.6119083280868605,0.0034660645307660488,29.218873622240867,0.0,0.0,0.0,3.3441612729809376,0.10031080723957499,0.0975351529740693,none
n16000,16000,20000,32000,4.0,32.88225393726727,ridge,0.05539620796898878,0.04539334104488239,0.06385079720308828,0.10457269506804731,0.06799759927198713,0.0554721650710101,0.1048180627879714,0.06813238997265386,0.009517951534302916,0.003912295568374119,4.4384169836599,0.0034660645307660488,15.982451416374941,0.0,0.0,0.0,6.167097340018687,0.0543943930729373,0.06520946141463,none
n16000,16000,20000,32000,4.0,32.88225393726727,bc,0.054830063367303825,0.04500904681061356,0.0631415663642034,0.10367239499353041,0.06739271715427712,0.054946247189745105,0.10403990633506185,0.06756980312434263,0.0032391388076832748,0.0038773638221489743,1.3619709701096574,0.0034660645307660488,15.819112102677908,0.0,0.0,0.0,6.167097340018687,0.0543943930729373,0.06637633442722023,none
n16000,16000,20000,32000,8.0,18.255254552646303,ridge,0.030215742606913468,0.024870821640661917,0.03474801337476539,0.05672953225457535,0.037070752864694356,0.0304130275290226,0.05716171110807611,0.03733658701789935,0.003787785636633369,0.002135430138721557,2.4624282923169725,0.0034660645307660488,8.717593783585837,0.0,0.0,0.0,11.108476203688085,0.030198157756386897,0.020431096724187935,none
n16000,16000,20000,32000,8.0,18.255254552646303,bc,0.030117196386136347,0.024805039529554353,0.03462370647777985,0.05654899035825859,0.036958887089364886,0.030336781379687858,0.057051542007381044,0.0372483982655826,0.0021232846324637,0.002129610537753687,2.270033908778532,0.0034660645307660488,8.689162050736552,0.0,0.0,0.0,11.108476203688085,0.030198157756386897,0.02076087867065167,none
n64000,64000,80000,80000,0.25,404.06347553718126,ridge,0.4260887982455859,0.2523593554260219,0.5471910851884356,0.7884902849617356,0.46014519183548236,0.4263135872251332,0.7889374636571354,0.46011291289067324,1.2946444486187807,0.008096262903723953,229.40673261868102,0.0018608558868414182,228.97463541296634,1.0,0.0,8242.199494986135,2.044545562029942,0.19375672165753463,0.43869452649753493,O
n64000,64000,80000,80000,0.25,404.06347553718126,bc,0.42854296661921165,0.25170044256031665,0.551312103705814,0.793595203242232,0.4631375117273453,0.42877790659685966,0.7940506725605725,0.4631153238987823,1.3047052208382501,0.007928097470116994,237.2565451621347,0.0018608558868414182,230.29347390603817,1.0,0.0,8242.199494986135,2.044545562029942,0.19375672165753463,0.44103490288594116,O
n64000,64000,80000,80000,0.5,213.8646591089122,ridge,0.10649413704201958,0.09340749095449878,0.11813993009238716,0.19808521875931154,0.11261385139616532,0.10646948376762139,0.1981493990080248,0.11253676235540767,0.03130274982271203,0.007509072317170774,6.275799038534996,0.0018608558868414182,57.228578416559024,0.0,0.0,0.0,3.862845732109609,0.10255248924011197,0.10546459927360308,none
n64000,64000,80000,80000,0.5,213.8646591089122,bc,0.10387817467345413,0.09158279344514701,0.11486488711421274,0.19396338335943472,0.11009282469138766,0.10390157019039509,0.19410148536894184,0.1100660356072646,0.006900684768193417,0.007344992541869631,1.5175045896823993,0.0018608558868414182,55.82279391327557,0.0,0.0,0.0,3.862845732109609,0.10255248924011197,0.10731264414594545,none
n64000,64000,80000,80000,1.0,113.46273161309779,ridge,0.05532420297224423,0.048487508283528144,0.061404368000028665,0.10321561122608536,0.05862240591783084,0.05535289609148115,0.10327749720926542,0.0586304120686266,0.009249660118558682,0.00391113203066761,4.098270943856485,0.0018608558868414182,29.730514524770907,0.0,0.0,0.0,7.28103557831647,0.05440770631009334,0.04888476396719101,none
n64000,64000,80000,80000,1.0,113.46273161309779,bc,0.0550003208979266,0.04826421665865639,0.06099701622273074,0.10266612481437266,0.05831674862921616,0.055054014842680084,0.10277110122852866,0.058350457475419226,0.00306610851471717,0.0038878741907297423,1.6854178716402743,0.0018608558868414182,29.556464467156083,0.0,0.0,0.0,7.28103557831647,0.05440770631009334,0.047471662898904254,none
n64000,64000,80000,80000,2.0,60.63943818402562,ridge,0.029125912371114577,0.025757620179078036,0.0321431570572967,0.054423001197554235,0.030926258861058833,0.029224059293642097,0.0545842664043289,0.031018877245246896,0.002651305146747914,0.002057867218339128,2.4819506069792765,0.0018608558868414182,15.651890389294119,0.0,0.0,0.0,13.623579149609704,0.029077853993290166,0.04208402914091607,none
n64000,64000,80000,80000,2.0,60.63943818402562,bc,0.02910914397538755,0.02574351582335165,0.03212407071048944,0.05439667845845457,0.030911105768398547,0.029220559006407163,0.05457805672701854,0.031017124615733447,0.0016055229647214957,0.0020544251680041227,1.5057109551631969,0.0018608558868414182,15.642879269279074,0.0,0.0,0.0,13.623579149609704,0.029077853993290166,0.04251977281566051,none
n64000,64000,80000,80000,4.0,32.88225393726727,ridge,0.01575025217220335,0.014031307409227655,0.017299228288098458,0.02948115341638431,0.016724250562580874,0.015927203954277852,0.02975500652669169,0.016906845583079585,0.001949873800996085,0.0011098409757947212,3.4377273879355483,0.0018608558868414182,8.463982774580966,0.0,0.0,0.0,25.123770020875714,0.01576771499855399,0.014081498421706798,none
n64000,64000,80000,80000,4.0,32.88225393726727,bc,0.015758530077232713,0.01403544302568845,0.01731094681011843,0.0295002149357843,0.01673330141804445,0.015942499537105567,0.029783835278194,0.016923049363387108,0.0014392638542454813,0.0011092988731660216,2.5136231214240774,0.0018608558868414182,8.468431214187653,0.0,0.0,0.0,25.123770020875714,0.01576771499855399,0.014078992206339819,none
n64000,64000,80000,80000,8.0,18.255254552646303,ridge,0.008964936881039363,0.007977225701428479,0.009854139062876495,0.016668448841423985,0.00953045953657002,0.009320837888078828,0.017245074557534223,0.009911238376695898,0.0005771996621745506,0.0006221857987207296,2.3129213323920905,0.0018608558868414182,4.817641680063832,0.0,0.0,0.0,45.254158648156555,0.008753768873670582,0.013316785874748589,none
n64000,64000,80000,80000,8.0,18.255254552646303,bc,0.0089752871558863,0.00798210554024762,0.009869019718573038,0.016686873579702208,0.009541015985019543,0.009334527283856016,0.017270340763865792,0.009925242048550168,0.0005897514334584726,0.0006220922735179346,2.1005516039472805,0.0018608558868414182,4.823203784534215,0.0,0.0,0.0,45.254158648156555,0.008753768873670582,0.013278966691820434,none
