config,eps,gate_s,gate_o,lam_s,lam_o,lam_ratio,rmse_s,rmse_o,d_pct,bias_s,bias_o
n200,0.25,100% / 100%,100% / 100%,6872.922067630574,7371.5548806266725,1.072550337118547,0.9804727913744241,0.980426907157314,-0.004679805244345303,3.094953456016431,3.095736911731915
n200,0.5,100% / 100%,100% / 100%,3629.7295150898026,4914.369920417782,1.353921800505346,0.9781282701579,0.9787125958792597,0.059739171148320835,3.087546435770908,3.091891507357179
n200,1.0,100% / 100%,100% / 100%,1908.914340568464,2184.16440907457,1.144191943376641,0.9728902984161031,0.9737301479230202,0.08632520113360798,3.070903869107947,3.074902099384432
n200,2.0,100% / 100%,100% / 100%,1010.9931076769026,1456.1096060497132,1.440276491494206,0.9638576606939853,0.9675357675985746,0.38160270489950854,3.042352817855477,3.056298823140296
n200,4.0,100% / 100%,100% / 100%,539.5006073866359,647.1598249109836,1.1995534686158251,0.9500791777432133,0.9545027838452916,0.4656039418299951,2.9987809028836176,3.0144976551901825
n200,8.0,100% / 100%,100% / 100%,292.6854802770046,431.43988327398904,1.4740734076239925,0.9261048022934673,0.9357035093067261,1.0364601273514573,2.9225934952904415,2.9548447382063743
n400,0.25,100% / 100%,100% / 100%,6845.856851853443,7371.5548806266725,1.0767906837886776,0.9348431125058834,0.9348639797150423,0.002232161619408757,2.9505048336213453,2.951518864355929
n400,0.5,100% / 100%,100% / 100%,3599.706432223773,4914.369920417782,1.365214084244602,0.9293120887577603,0.9308520861207553,0.16571369097906352,2.9328783104222023,2.940399940473577
n400,1.0,100% / 100%,100% / 100%,1890.8446468637887,2184.16440907457,1.15512631494993,0.9234259599463253,0.9249234693908206,0.16216886999607105,2.914398394699766,2.920557362660053
n400,2.0,100% / 100%,100% / 100%,993.1553357408118,1456.1096060497132,1.4661448754776873,0.911234558608324,0.9161310251903308,0.5373442584843291,2.8758627124925447,2.8933744081431776
n400,4.0,100% / 100%,100% / 100%,521.3839184249841,647.1598249109836,1.2412347255856069,0.8871103215466428,0.8957658845400359,0.9757031096540913,2.7992822758590052,2.8287290546158803
n400,8.0,100% / 100%,100% / 100%,274.95094797720424,287.626588849326,1.0461014626986218,0.8449745595417522,0.8540593189724711,1.0751518289078277,2.665605626505292,2.6953770495600615
n1000,0.25,100% / 100%,100% / 100%,6769.9360552582075,7371.5548806266725,1.0888662493202115,1.022610592139178,1.023712526866085,0.10775702260250597,3.2285609393610124,3.2329567569634095
n1000,0.5,100% / 100%,100% / 100%,3538.338386589176,4914.369920417782,1.3888920118674823,1.0097968669870203,1.016026079493059,0.6168777810358073,3.1878866103249885,3.21002926381637
n1000,1.0,100% / 100%,100% / 100%,1831.6284716523778,2184.16440907457,1.1924713133030505,0.9879335339159944,0.9944833735958222,0.6629838400024068,3.1186352087308298,3.1409732850804
n1000,2.0,100% / 100%,100% / 100%,944.524702823041,970.7397373664754,1.027754736816392,0.9475906838980186,0.9571152669174953,1.0051368361174928,2.9905166263166145,3.021741375245965
n1000,4.0,100% / 100%,100% / 100%,474.47149721830067,647.1598249109836,1.3639593288640275,0.8778696484541085,0.9111824770745994,3.794735206890154,2.768523407917746,2.877230204152679
n1000,8.0,100% / 100%,100% / 100%,228.35531348890368,287.626588849326,1.2595572419789676,0.7594731644084826,0.8006962569315556,5.427853735316601,2.3898680215682613,2.5249945643366907
n4000,0.25,100% / 100%,100% / 100%,6484.696203188928,7371.5548806266725,1.1367617926344216,1.2871284294077678,1.2944291211303323,0.567207712591955,4.0661186881831775,4.090146960741687
n4000,0.5,100% / 100%,100% / 100%,3276.5965231449145,4914.369920417782,1.4998398141803904,1.228532290465252,1.2477298585264753,1.5626425296443092,3.880365498929379,3.9419974249713965
n4000,1.0,100% / 100%,100% / 100%,1579.6916580450772,2184.16440907457,1.3826523663342936,1.1182352731923317,1.1687800661645198,4.520049955846339,3.5298551985139612,3.6923943492119773
n4000,2.0,100% / 100%,100% / 100%,691.2353141490514,970.7397373664754,1.4043549533656412,0.9159184898598958,0.9895919447187892,8.043669352079895,2.8827835010451444,3.11989119824042
n4000,4.0,100% / 100%,100% / 100%,225.34308685389044,287.626588849326,1.2763941102653813,0.5629811332000801,0.6279895093007437,11.547167794264258,1.727199650998192,1.9495599199074474
n4000,8.0,9% / 0%,9% / 0%,0.0,0.001,,0.19739583356825852,0.1973041010127288,-0.04647137372227883,0.02195935421464344,0.02345307095225893
n16000,0.25,100% / 100%,100% / 100%,5502.490575956988,7371.5548806266725,1.3396760573905424,0.6395852322159237,0.6699430348313975,4.746482733864155,2.0131935030614128,2.113251647882326
n16000,0.5,100% / 100%,100% / 100%,2267.726575421595,3276.2466136118546,1.4447273534300602,0.5067260938264236,0.5472363192432096,7.994501548337962,1.5866266472871677,1.7183405475373577
n16000,1.0,100% / 100%,100% / 100%,583.1228469403052,647.1598249109836,1.109817302317489,0.2634992158986231,0.293327527395668,11.320075999209367,0.7704020014847158,0.8778501595364072
n16000,2.0,0% / 0%,0% / 0%,0.0,0.001,,0.10127450149098477,0.10127441289153451,-8.748445952111439e-05,0.006851398131546986,0.006851175113094502
n16000,4.0,0% / 0%,0% / 0%,0.0,0.001,,0.054830063367303825,0.054830019300934583,-8.036899199481695e-05,0.0032391388076832748,0.0032395842792621453
n16000,8.0,0% / 0%,0% / 0%,0.0,0.001,,0.030117196386136347,0.030117170604429117,-8.560460575957052e-05,0.0021232846324637,0.002123277148288664
n64000,0.25,100% / 0%,100% / 0%,8242.199494986135,11057.332320940008,1.3415511633352681,0.42854296661921165,0.46233626512394926,7.885626678541469,1.3047052208382501,1.4181143146940847
n64000,0.5,0% / 0%,0% / 0%,0.0,0.001,,0.10387817467345413,0.1038781546470356,-1.9278754737062087e-05,0.006900684768193417,0.006900702143677636
n64000,1.0,0% / 0%,0% / 0%,0.0,0.001,,0.0550003208979266,0.055000311520389374,-1.704996820395266e-05,0.00306610851471717,0.0030660387499241103
n64000,2.0,0% / 0%,0% / 0%,0.0,0.001,,0.02910914397538755,0.029109142649033564,-4.556485710960345e-06,0.0016055229647214957,0.001605535854831042
n64000,4.0,0% / 0%,0% / 0%,0.0,0.001,,0.015758530077232713,0.01575853304415832,1.8827426129242042e-05,0.0014392638542454813,0.0014390142673051548
n64000,8.0,0% / 0%,0% / 0%,0.0,0.001,,0.0089752871558863,0.0089753010558605,0.0001548694092745606,0.0005897514334584726,0.000589879844329314
