dataset,n,d,d_R,eps,method,test_mse,se_over_folds,ratio_to_nonprivate,published_mse,vfl_gate_pass,lambda_mean
housing,506,13,6,0.01,trivial,0.111957,0.0106,2.824,0.112005,,
housing,506,13,6,0.01,nonprivate,0.0396418,0.00544,1,0.0393513,,
housing,506,13,6,0.01,ssp,1928.67,1.61e+03,4.865e+04,54.2694,,
housing,506,13,6,0.01,adassp,0.120847,0.00981,3.048,0.117723,,1.269e+04
housing,506,13,6,0.01,adassp_matched,0.12483,0.01,3.149,,,
housing,506,13,6,0.01,vfl,0.115196,0.0109,2.906,,0.984,1.397e+04
housing,506,13,6,0.01,vfl_uncorrected,0.115832,0.0109,2.922,,0.984,1.397e+04
housing,506,13,6,0.02,trivial,0.111957,0.0106,2.824,0.112005,,
housing,506,13,6,0.02,nonprivate,0.0396418,0.00544,1,0.0393513,,
housing,506,13,6,0.02,ssp,3896.81,3.3e+03,9.83e+04,2.45147,,
housing,506,13,6,0.02,adassp,0.117212,0.00965,2.957,0.113705,,6345
housing,506,13,6,0.02,adassp_matched,0.119737,0.00996,3.02,,,
housing,506,13,6,0.02,vfl,0.113404,0.0104,2.861,,0.984,7386
housing,506,13,6,0.02,vfl_uncorrected,0.113879,0.0103,2.873,,0.984,7386
housing,506,13,6,0.05,trivial,0.111957,0.0106,2.824,0.112005,,
housing,506,13,6,0.05,nonprivate,0.0396418,0.00544,1,0.0393513,,
housing,506,13,6,0.05,ssp,1919.73,1.73e+03,4.843e+04,0.626155,,
housing,506,13,6,0.05,adassp,0.114254,0.0102,2.882,0.114222,,2538
housing,506,13,6,0.05,adassp_matched,0.121535,0.0104,3.066,,,
housing,506,13,6,0.05,vfl,0.111794,0.0105,2.82,,0.984,3159
housing,506,13,6,0.05,vfl_uncorrected,0.112116,0.0105,2.828,,0.984,3159
housing,506,13,6,0.1,trivial,0.111957,0.0106,2.824,0.112005,,
housing,506,13,6,0.1,nonprivate,0.0396418,0.00544,1,0.0393513,,
housing,506,13,6,0.1,ssp,353.995,177,8930,24.0117,,
housing,506,13,6,0.1,adassp,0.110555,0.0105,2.789,0.0985106,,1269
housing,506,13,6,0.1,adassp_matched,0.113382,0.00995,2.86,,,
housing,506,13,6,0.1,vfl,0.10745,0.0102,2.711,,0.984,1656
housing,506,13,6,0.1,vfl_uncorrected,0.107551,0.0102,2.713,,0.984,1656
housing,506,13,6,0.2,trivial,0.111957,0.0106,2.824,0.112005,,
housing,506,13,6,0.2,nonprivate,0.0396418,0.00544,1,0.0393513,,
housing,506,13,6,0.2,ssp,4070.28,2.84e+03,1.027e+05,1.62834,,
housing,506,13,6,0.2,adassp,0.0995852,0.00977,2.512,0.0952975,,634.5
housing,506,13,6,0.2,adassp_matched,0.106708,0.0097,2.692,,,
housing,506,13,6,0.2,vfl,0.103142,0.0101,2.602,,0.990,866
housing,506,13,6,0.2,vfl_uncorrected,0.10306,0.0101,2.6,,0.990,866
housing,506,13,6,0.5,trivial,0.111957,0.0106,2.824,0.112005,,
housing,506,13,6,0.5,nonprivate,0.0396418,0.00544,1,0.0393513,,
housing,506,13,6,0.5,ssp,39065.2,3.9e+04,9.855e+05,0.52822,,
housing,506,13,6,0.5,adassp,0.0847077,0.00921,2.137,0.08883,,253.8
housing,506,13,6,0.5,adassp_matched,0.0931819,0.00928,2.351,,,
housing,506,13,6,0.5,vfl,0.0887664,0.00909,2.239,,1.000,367.5
housing,506,13,6,0.5,vfl_uncorrected,0.0882397,0.00904,2.226,,1.000,367.5
housing,506,13,6,1,trivial,0.111957,0.0106,2.824,0.112005,,
housing,506,13,6,1,nonprivate,0.0396418,0.00544,1,0.0393513,,
housing,506,13,6,1,ssp,6.07997,1.71,153.4,6.3515,,
housing,506,13,6,1,adassp,0.0712786,0.00863,1.798,0.0679921,,126.9
housing,506,13,6,1,adassp_matched,0.0819322,0.00908,2.067,,,
housing,506,13,6,1,vfl,0.0779012,0.00878,1.965,,1.000,192.7
housing,506,13,6,1,vfl_uncorrected,0.0773139,0.00873,1.95,,1.000,192.7
housing,506,13,6,2,trivial,0.111957,0.0106,2.824,0.112005,,
housing,506,13,6,2,nonprivate,0.0396418,0.00544,1,0.0393513,,
housing,506,13,6,2,ssp,0.649428,0.33,16.38,0.193258,,
housing,506,13,6,2,adassp,0.0588857,0.00793,1.485,0.0575978,,63.45
housing,506,13,6,2,adassp_matched,0.0681686,0.00818,1.72,,,
housing,506,13,6,2,vfl,0.0656708,0.00825,1.657,,0.998,101.7
housing,506,13,6,2,vfl_uncorrected,0.0651297,0.0082,1.643,,0.998,101.7
housing,506,13,6,5,trivial,0.111957,0.0106,2.824,0.112005,,
housing,506,13,6,5,nonprivate,0.0396418,0.00544,1,0.0393513,,
housing,506,13,6,5,ssp,0.0418923,0.00541,1.057,0.0417646,,
housing,506,13,6,5,adassp,0.0477154,0.00705,1.204,0.0478947,,25.36
housing,506,13,6,5,adassp_matched,0.0554809,0.00777,1.4,,,
housing,506,13,6,5,vfl,0.0530301,0.00749,1.338,,1.000,44.7
housing,506,13,6,5,vfl_uncorrected,0.0527064,0.00745,1.33,,1.000,44.7
housing,506,13,6,10,trivial,0.111957,0.0106,2.824,0.112005,,
housing,506,13,6,10,nonprivate,0.0396418,0.00544,1,0.0393513,,
housing,506,13,6,10,ssp,0.0401023,0.00545,1.012,0.0399121,,
housing,506,13,6,10,adassp,0.0432781,0.00652,1.092,0.0437941,,12.47
housing,506,13,6,10,adassp_matched,0.0482743,0.00714,1.218,,,
housing,506,13,6,10,vfl,0.0467729,0.00709,1.18,,1.000,24.68
housing,506,13,6,10,vfl_uncorrected,0.046605,0.00706,1.176,,1.000,24.68
wine,1599,11,5,0.01,trivial,0.0566185,0.00257,2.817,0.0566267,,
wine,1599,11,5,0.01,nonprivate,0.0201007,0.00114,1,0.0201535,,
wine,1599,11,5,0.01,ssp,22920.5,2.13e+04,1.14e+06,8.94494,,
wine,1599,11,5,0.01,adassp,0.0676933,0.00266,3.368,0.064464,,1.145e+04
wine,1599,11,5,0.01,adassp_matched,0.0717547,0.00262,3.57,,,
wine,1599,11,5,0.01,vfl,0.0617466,0.00273,3.072,,0.986,1.285e+04
wine,1599,11,5,0.01,vfl_uncorrected,0.0625162,0.00274,3.11,,0.986,1.285e+04
wine,1599,11,5,0.02,trivial,0.0566185,0.00257,2.817,0.0566267,,
wine,1599,11,5,0.02,nonprivate,0.0201007,0.00114,1,0.0201535,,
wine,1599,11,5,0.02,ssp,8783.64,4.06e+03,4.37e+05,2.33061,,
wine,1599,11,5,0.02,adassp,0.066142,0.00252,3.291,0.0630545,,5725
wine,1599,11,5,0.02,adassp_matched,0.0695609,0.00254,3.461,,,
wine,1599,11,5,0.02,vfl,0.0606604,0.00257,3.018,,0.990,6794
wine,1599,11,5,0.02,vfl_uncorrected,0.0613274,0.00258,3.051,,0.990,6794
wine,1599,11,5,0.05,trivial,0.0566185,0.00257,2.817,0.0566267,,
wine,1599,11,5,0.05,nonprivate,0.0201007,0.00114,1,0.0201535,,
wine,1599,11,5,0.05,ssp,251.019,95,1.249e+04,3.27178,,
wine,1599,11,5,0.05,adassp,0.0632306,0.00236,3.146,0.0621491,,2290
wine,1599,11,5,0.05,adassp_matched,0.0654921,0.0026,3.258,,,
wine,1599,11,5,0.05,vfl,0.0580717,0.0027,2.889,,0.998,2906
wine,1599,11,5,0.05,vfl_uncorrected,0.0584893,0.00272,2.91,,0.998,2906
wine,1599,11,5,0.1,trivial,0.0566185,0.00257,2.817,0.0566267,,
wine,1599,11,5,0.1,nonprivate,0.0201007,0.00114,1,0.0201535,,
wine,1599,11,5,0.1,ssp,72.3618,38.5,3600,3.60398,,
wine,1599,11,5,0.1,adassp,0.0577026,0.00241,2.871,0.0626866,,1145
wine,1599,11,5,0.1,adassp_matched,0.0626068,0.00257,3.115,,,
wine,1599,11,5,0.1,vfl,0.0555745,0.00246,2.765,,0.998,1523
wine,1599,11,5,0.1,vfl_uncorrected,0.0557796,0.00246,2.775,,0.998,1523
wine,1599,11,5,0.2,trivial,0.0566185,0.00257,2.817,0.0566267,,
wine,1599,11,5,0.2,nonprivate,0.0201007,0.00114,1,0.0201535,,
wine,1599,11,5,0.2,ssp,60.8957,51.6,3030,9013,,
wine,1599,11,5,0.2,adassp,0.0513045,0.00243,2.552,0.0493187,,572.5
wine,1599,11,5,0.2,adassp_matched,0.0558363,0.00237,2.778,,,
wine,1599,11,5,0.2,vfl,0.0505361,0.00256,2.514,,1.000,796.6
wine,1599,11,5,0.2,vfl_uncorrected,0.0504846,0.00256,2.512,,1.000,796.6
wine,1599,11,5,0.5,trivial,0.0566185,0.00257,2.817,0.0566267,,
wine,1599,11,5,0.5,nonprivate,0.0201007,0.00114,1,0.0201535,,
wine,1599,11,5,0.5,ssp,0.145192,0.0528,7.223,0.0368396,,
wine,1599,11,5,0.5,adassp,0.0403577,0.0023,2.008,0.0408317,,229
wine,1599,11,5,0.5,adassp_matched,0.0460183,0.00216,2.289,,,
wine,1599,11,5,0.5,vfl,0.0427622,0.00228,2.127,,1.000,338
wine,1599,11,5,0.5,vfl_uncorrected,0.0425288,0.00227,2.116,,1.000,338
wine,1599,11,5,1,trivial,0.0566185,0.00257,2.817,0.0566267,,
wine,1599,11,5,1,nonprivate,0.0201007,0.00114,1,0.0201535,,
wine,1599,11,5,1,ssp,0.0237873,0.0011,1.183,0.0225708,,
wine,1599,11,5,1,adassp,0.03385,0.002,1.684,0.032594,,114.5
wine,1599,11,5,1,adassp_matched,0.0391161,0.00224,1.946,,,
wine,1599,11,5,1,vfl,0.0369899,0.00202,1.84,,1.000,177.2
wine,1599,11,5,1,vfl_uncorrected,0.0367567,0.00201,1.829,,1.000,177.2
wine,1599,11,5,2,trivial,0.0566185,0.00257,2.817,0.0566267,,
wine,1599,11,5,2,nonprivate,0.0201007,0.00114,1,0.0201535,,
wine,1599,11,5,2,ssp,0.020916,0.0011,1.041,0.020661,,
wine,1599,11,5,2,adassp,0.0284191,0.00181,1.414,0.0290122,,56.42
wine,1599,11,5,2,adassp_matched,0.0330685,0.00203,1.645,,,
wine,1599,11,5,2,vfl,0.0316115,0.00192,1.573,,1.000,93.57
wine,1599,11,5,2,vfl_uncorrected,0.0314375,0.00192,1.564,,1.000,93.57
wine,1599,11,5,5,trivial,0.0566185,0.00257,2.817,0.0566267,,
wine,1599,11,5,5,nonprivate,0.0201007,0.00114,1,0.0201535,,
wine,1599,11,5,5,ssp,0.0202254,0.00113,1.006,0.0202613,,
wine,1599,11,5,5,adassp,0.0222436,0.0014,1.107,0.022828,,13.2
wine,1599,11,5,5,adassp_matched,0.0259239,0.00162,1.29,,,
wine,1599,11,5,5,vfl,0.0260804,0.00172,1.297,,1.000,41.12
wine,1599,11,5,5,vfl_uncorrected,0.0259932,0.00172,1.293,,1.000,41.12
wine,1599,11,5,10,trivial,0.0566185,0.00257,2.817,0.0566267,,
wine,1599,11,5,10,nonprivate,0.0201007,0.00114,1,0.0201535,,
wine,1599,11,5,10,ssp,0.0201298,0.00114,1.001,0.0201628,,
wine,1599,11,5,10,adassp,0.0203282,0.00112,1.011,0.0204527,,0.004508
wine,1599,11,5,10,adassp_matched,0.0219942,0.00134,1.094,,,
wine,1599,11,5,10,vfl,0.023364,0.00155,1.162,,1.000,22.7
wine,1599,11,5,10,vfl_uncorrected,0.0233218,0.00154,1.16,,1.000,22.7
airfoil,1503,5,2,0.01,trivial,0.103332,0.00473,1.939,0.103322,,
airfoil,1503,5,2,0.01,nonprivate,0.0532921,0.00145,1,0.0533282,,
airfoil,1503,5,2,0.01,ssp,148.888,52.5,2794,4.32512,,
airfoil,1503,5,2,0.01,adassp,0.133719,0.00493,2.509,0.124469,,6965
airfoil,1503,5,2,0.01,adassp_matched,0.140934,0.0054,2.645,,,
airfoil,1503,5,2,0.01,vfl,0.11254,0.00453,2.112,,0.990,8665
airfoil,1503,5,2,0.01,vfl_uncorrected,0.11407,0.00454,2.14,,0.990,8665
airfoil,1503,5,2,0.02,trivial,0.103332,0.00473,1.939,0.103322,,
airfoil,1503,5,2,0.02,nonprivate,0.0532921,0.00145,1,0.0533282,,
airfoil,1503,5,2,0.02,ssp,12733.2,6.17e+03,2.389e+05,633.641,,
airfoil,1503,5,2,0.02,adassp,0.127956,0.00459,2.401,0.119717,,3483
airfoil,1503,5,2,0.02,adassp_matched,0.140385,0.00606,2.634,,,
airfoil,1503,5,2,0.02,vfl,0.10934,0.00471,2.052,,0.990,4580
airfoil,1503,5,2,0.02,vfl_uncorrected,0.110505,0.0047,2.074,,0.990,4580
airfoil,1503,5,2,0.05,trivial,0.103332,0.00473,1.939,0.103322,,
airfoil,1503,5,2,0.05,nonprivate,0.0532921,0.00145,1,0.0533282,,
airfoil,1503,5,2,0.05,ssp,43.8915,33.9,823.6,79.9785,,
airfoil,1503,5,2,0.05,adassp,0.113931,0.00498,2.138,0.10073,,1393
airfoil,1503,5,2,0.05,adassp_matched,0.122227,0.00514,2.294,,,
airfoil,1503,5,2,0.05,vfl,0.104465,0.00453,1.96,,0.998,1959
airfoil,1503,5,2,0.05,vfl_uncorrected,0.105167,0.00453,1.973,,0.998,1959
airfoil,1503,5,2,0.1,trivial,0.103332,0.00473,1.939,0.103322,,
airfoil,1503,5,2,0.1,nonprivate,0.0532921,0.00145,1,0.0533282,,
airfoil,1503,5,2,0.1,ssp,3.48677,2.52,65.43,0.794793,,
airfoil,1503,5,2,0.1,adassp,0.0974181,0.00427,1.828,0.0912083,,696.5
airfoil,1503,5,2,0.1,adassp_matched,0.11067,0.00447,2.077,,,
airfoil,1503,5,2,0.1,vfl,0.0953474,0.00382,1.789,,1.000,1027
airfoil,1503,5,2,0.1,vfl_uncorrected,0.0954514,0.00379,1.791,,1.000,1027
airfoil,1503,5,2,0.2,trivial,0.103332,0.00473,1.939,0.103322,,
airfoil,1503,5,2,0.2,nonprivate,0.0532921,0.00145,1,0.0533282,,
airfoil,1503,5,2,0.2,ssp,0.687886,0.546,12.91,0.0922947,,
airfoil,1503,5,2,0.2,adassp,0.0813269,0.00369,1.526,0.0781016,,348.3
airfoil,1503,5,2,0.2,adassp_matched,0.0914178,0.00342,1.715,,,
airfoil,1503,5,2,0.2,vfl,0.0854068,0.00375,1.603,,1.000,537.1
airfoil,1503,5,2,0.2,vfl_uncorrected,0.0851862,0.00373,1.598,,1.000,537.1
airfoil,1503,5,2,0.5,trivial,0.103332,0.00473,1.939,0.103322,,
airfoil,1503,5,2,0.5,nonprivate,0.0532921,0.00145,1,0.0533282,,
airfoil,1503,5,2,0.5,ssp,0.0558751,0.00146,1.048,0.0550139,,
airfoil,1503,5,2,0.5,adassp,0.0653789,0.00267,1.227,0.0656048,,139.2
airfoil,1503,5,2,0.5,adassp_matched,0.0731935,0.00307,1.373,,,
airfoil,1503,5,2,0.5,vfl,0.0695632,0.00298,1.305,,1.000,227.9
airfoil,1503,5,2,0.5,vfl_uncorrected,0.0693025,0.00295,1.3,,1.000,227.9
airfoil,1503,5,2,1,trivial,0.103332,0.00473,1.939,0.103322,,
airfoil,1503,5,2,1,nonprivate,0.0532921,0.00145,1,0.0533282,,
airfoil,1503,5,2,1,ssp,0.0539004,0.00146,1.011,0.0537398,,
airfoil,1503,5,2,1,adassp,0.0579377,0.00198,1.087,0.0588048,,66.48
airfoil,1503,5,2,1,adassp_matched,0.0625281,0.00232,1.173,,,
airfoil,1503,5,2,1,vfl,0.0616934,0.0026,1.158,,1.000,119.5
airfoil,1503,5,2,1,vfl_uncorrected,0.0615654,0.00259,1.155,,1.000,119.5
airfoil,1503,5,2,2,trivial,0.103332,0.00473,1.939,0.103322,,
airfoil,1503,5,2,2,nonprivate,0.0532921,0.00145,1,0.0533282,,
airfoil,1503,5,2,2,ssp,0.0534152,0.00145,1.002,0.0540012,,
airfoil,1503,5,2,2,adassp,0.0543522,0.00158,1.02,0.0545034,,15.69
airfoil,1503,5,2,2,adassp_matched,0.0566587,0.00188,1.063,,,
airfoil,1503,5,2,2,vfl,0.056735,0.002,1.065,,1.000,63.09
airfoil,1503,5,2,2,vfl_uncorrected,0.0566918,0.002,1.064,,1.000,63.09
airfoil,1503,5,2,5,trivial,0.103332,0.00473,1.939,0.103322,,
airfoil,1503,5,2,5,nonprivate,0.0532921,0.00145,1,0.0533282,,
airfoil,1503,5,2,5,ssp,0.0533037,0.00145,1,0.0534088,,
airfoil,1503,5,2,5,adassp,0.0535228,0.00146,1.004,0.0535569,,0
airfoil,1503,5,2,5,adassp_matched,0.0539446,0.00146,1.012,,,
airfoil,1503,5,2,5,vfl,0.0542356,0.00169,1.018,,1.000,27.72
airfoil,1503,5,2,5,vfl_uncorrected,0.0542281,0.00168,1.018,,1.000,27.72
airfoil,1503,5,2,10,trivial,0.103332,0.00473,1.939,0.103322,,
airfoil,1503,5,2,10,nonprivate,0.0532921,0.00145,1,0.0533282,,
airfoil,1503,5,2,10,ssp,0.0532919,0.00145,1,0.0533273,,
airfoil,1503,5,2,10,adassp,0.0533407,0.00145,1.001,0.0533553,,0
airfoil,1503,5,2,10,adassp_matched,0.0535059,0.00147,1.004,,,
airfoil,1503,5,2,10,vfl,0.0535789,0.00156,1.005,,1.000,15.3
airfoil,1503,5,2,10,vfl_uncorrected,0.0535772,0.00156,1.005,,1.000,15.3
concrete,1030,8,4,0.01,trivial,0.127395,0.00589,2.871,0.127395,,
concrete,1030,8,4,0.01,nonprivate,0.0443796,0.00188,1,0.0444657,,
concrete,1030,8,4,0.01,ssp,554.188,337,1.249e+04,476.405,,
concrete,1030,8,4,0.01,adassp,0.146287,0.00592,3.296,0.139852,,9391
concrete,1030,8,4,0.01,adassp_matched,0.14722,0.0061,3.317,,,
concrete,1030,8,4,0.01,vfl,0.132947,0.00615,2.996,,0.988,1.096e+04
concrete,1030,8,4,0.01,vfl_uncorrected,0.133803,0.00618,3.015,,0.988,1.096e+04
concrete,1030,8,4,0.02,trivial,0.127395,0.00589,2.871,0.127395,,
concrete,1030,8,4,0.02,nonprivate,0.0443796,0.00188,1,0.0444657,,
concrete,1030,8,4,0.02,ssp,298.597,217,6728,54.5278,,
concrete,1030,8,4,0.02,adassp,0.143659,0.00647,3.237,0.132868,,4695
concrete,1030,8,4,0.02,adassp_matched,0.144801,0.00583,3.263,,,
concrete,1030,8,4,0.02,vfl,0.130307,0.00535,2.936,,0.990,5794
concrete,1030,8,4,0.02,vfl_uncorrected,0.130954,0.00534,2.951,,0.990,5794
concrete,1030,8,4,0.05,trivial,0.127395,0.00589,2.871,0.127395,,
concrete,1030,8,4,0.05,nonprivate,0.0443796,0.00188,1,0.0444657,,
concrete,1030,8,4,0.05,ssp,251.13,111,5659,13.1733,,
concrete,1030,8,4,0.05,adassp,0.134563,0.00525,3.032,0.14189,,1878
concrete,1030,8,4,0.05,adassp_matched,0.139905,0.00531,3.152,,,
concrete,1030,8,4,0.05,vfl,0.127708,0.00562,2.878,,0.994,2478
concrete,1030,8,4,0.05,vfl_uncorrected,0.12819,0.00561,2.888,,0.994,2478
concrete,1030,8,4,0.1,trivial,0.127395,0.00589,2.871,0.127395,,
concrete,1030,8,4,0.1,nonprivate,0.0443796,0.00188,1,0.0444657,,
concrete,1030,8,4,0.1,ssp,2967.24,2.17e+03,6.686e+04,1.02402,,
concrete,1030,8,4,0.1,adassp,0.121747,0.00466,2.743,0.132047,,939.1
concrete,1030,8,4,0.1,adassp_matched,0.131371,0.00626,2.96,,,
concrete,1030,8,4,0.1,vfl,0.119834,0.00565,2.7,,0.996,1299
concrete,1030,8,4,0.1,vfl_uncorrected,0.119861,0.00565,2.701,,0.996,1299
concrete,1030,8,4,0.2,trivial,0.127395,0.00589,2.871,0.127395,,
concrete,1030,8,4,0.2,nonprivate,0.0443796,0.00188,1,0.0444657,,
concrete,1030,8,4,0.2,ssp,50.9233,24.2,1147,148.334,,
concrete,1030,8,4,0.2,adassp,0.106678,0.0052,2.404,0.099049,,469.5
concrete,1030,8,4,0.2,adassp_matched,0.11818,0.00516,2.663,,,
concrete,1030,8,4,0.2,vfl,0.1107,0.00473,2.494,,0.998,679.4
concrete,1030,8,4,0.2,vfl_uncorrected,0.110339,0.00467,2.486,,0.998,679.4
concrete,1030,8,4,0.5,trivial,0.127395,0.00589,2.871,0.127395,,
concrete,1030,8,4,0.5,nonprivate,0.0443796,0.00188,1,0.0444657,,
concrete,1030,8,4,0.5,ssp,1.58047,0.65,35.61,0.133676,,
concrete,1030,8,4,0.5,adassp,0.0810323,0.00377,1.826,0.0859555,,187.8
concrete,1030,8,4,0.5,adassp_matched,0.094468,0.0041,2.129,,,
concrete,1030,8,4,0.5,vfl,0.0916097,0.00451,2.064,,0.998,288.3
concrete,1030,8,4,0.5,vfl_uncorrected,0.0909602,0.00446,2.05,,0.998,288.3
concrete,1030,8,4,1,trivial,0.127395,0.00589,2.871,0.127395,,
concrete,1030,8,4,1,nonprivate,0.0443796,0.00188,1,0.0444657,,
concrete,1030,8,4,1,ssp,46.519,45.6,1048,0.209659,,
concrete,1030,8,4,1,adassp,0.0657245,0.00288,1.481,0.0636871,,93.91
concrete,1030,8,4,1,adassp_matched,0.0774142,0.0037,1.744,,,
concrete,1030,8,4,1,vfl,0.0750744,0.00346,1.692,,1.000,151.1
concrete,1030,8,4,1,vfl_uncorrected,0.0745007,0.00342,1.679,,1.000,151.1
concrete,1030,8,4,2,trivial,0.127395,0.00589,2.871,0.127395,,
concrete,1030,8,4,2,nonprivate,0.0443796,0.00188,1,0.0444657,,
concrete,1030,8,4,2,ssp,0.0490685,0.00264,1.106,0.0503068,,
concrete,1030,8,4,2,adassp,0.0549346,0.00232,1.238,0.0567599,,46.95
concrete,1030,8,4,2,adassp_matched,0.0632201,0.00284,1.425,,,
concrete,1030,8,4,2,vfl,0.0619375,0.00285,1.396,,1.000,79.8
concrete,1030,8,4,2,vfl_uncorrected,0.0615831,0.00282,1.388,,1.000,79.8
concrete,1030,8,4,5,trivial,0.127395,0.00589,2.871,0.127395,,
concrete,1030,8,4,5,nonprivate,0.0443796,0.00188,1,0.0444657,,
concrete,1030,8,4,5,ssp,0.0445969,0.00189,1.005,0.044628,,
concrete,1030,8,4,5,adassp,0.0480904,0.00183,1.084,0.0479056,,18.72
concrete,1030,8,4,5,adassp_matched,0.0521496,0.00218,1.175,,,
concrete,1030,8,4,5,vfl,0.0515266,0.00212,1.161,,1.000,35.06
concrete,1030,8,4,5,vfl_uncorrected,0.0514079,0.00211,1.158,,1.000,35.06
concrete,1030,8,4,10,trivial,0.127395,0.00589,2.871,0.127395,,
concrete,1030,8,4,10,nonprivate,0.0443796,0.00188,1,0.0444657,,
concrete,1030,8,4,10,ssp,0.0444658,0.00188,1.002,0.0448076,,
concrete,1030,8,4,10,adassp,0.0459308,0.00175,1.035,0.045251,,8.466
concrete,1030,8,4,10,adassp_matched,0.0481187,0.00184,1.084,,,
concrete,1030,8,4,10,vfl,0.047781,0.00188,1.077,,1.000,19.36
concrete,1030,8,4,10,vfl_uncorrected,0.047739,0.00187,1.076,,1.000,19.36
bike,17379,17,8,0.01,trivial,0.107332,0.00129,3.844,0.107332,,
bike,17379,17,8,0.01,nonprivate,0.0279207,0.000538,1,0.0278988,,
bike,17379,17,8,0.01,ssp,312.016,176,1.118e+04,138.275,,
bike,17379,17,8,0.01,adassp,0.0945901,0.00135,3.388,0.103967,,1.495e+04
bike,17379,17,8,0.01,adassp_matched,0.0983711,0.00142,3.523,,,
bike,17379,17,8,0.01,vfl,0.093577,0.00136,3.352,,1.000,1.598e+04
bike,17379,17,8,0.01,vfl_uncorrected,0.0930741,0.00136,3.334,,1.000,1.598e+04
bike,17379,17,8,0.02,trivial,0.107332,0.00129,3.844,0.107332,,
bike,17379,17,8,0.02,nonprivate,0.0279207,0.000538,1,0.0278988,,
bike,17379,17,8,0.02,ssp,41.9619,18.7,1503,1407.69,,
bike,17379,17,8,0.02,adassp,0.0807102,0.00128,2.891,0.084501,,7473
bike,17379,17,8,0.02,adassp_matched,0.0861252,0.00132,3.085,,,
bike,17379,17,8,0.02,vfl,0.0819505,0.000938,2.935,,1.000,8446
bike,17379,17,8,0.02,vfl_uncorrected,0.081085,0.000925,2.904,,1.000,8446
bike,17379,17,8,0.05,trivial,0.107332,0.00129,3.844,0.107332,,
bike,17379,17,8,0.05,nonprivate,0.0279207,0.000538,1,0.0278988,,
bike,17379,17,8,0.05,ssp,434.243,419,1.555e+04,0.138729,,
bike,17379,17,8,0.05,adassp,0.0597688,0.000835,2.141,0.058755,,2989
bike,17379,17,8,0.05,adassp_matched,0.0667137,0.000935,2.389,,,
bike,17379,17,8,0.05,vfl,0.0638374,0.00107,2.286,,1.000,3613
bike,17379,17,8,0.05,vfl_uncorrected,0.0628912,0.00106,2.252,,1.000,3613
bike,17379,17,8,0.1,trivial,0.107332,0.00129,3.844,0.107332,,
bike,17379,17,8,0.1,nonprivate,0.0279207,0.000538,1,0.0278988,,
bike,17379,17,8,0.1,ssp,3.56801,1.12,127.8,0.176965,,
bike,17379,17,8,0.1,adassp,0.0460754,0.000765,1.65,0.0471812,,1495
bike,17379,17,8,0.1,adassp_matched,0.0528218,0.000957,1.892,,,
bike,17379,17,8,0.1,vfl,0.049709,0.000928,1.78,,1.000,1893
bike,17379,17,8,0.1,vfl_uncorrected,0.0490055,0.000921,1.755,,1.000,1893
bike,17379,17,8,0.2,trivial,0.107332,0.00129,3.844,0.107332,,
bike,17379,17,8,0.2,nonprivate,0.0279207,0.000538,1,0.0278988,,
bike,17379,17,8,0.2,ssp,3.44644,2.93,123.4,3.45862,,
bike,17379,17,8,0.2,adassp,0.0366428,0.000708,1.312,0.0363159,,747.3
bike,17379,17,8,0.2,adassp_matched,0.0414518,0.0007,1.485,,,
bike,17379,17,8,0.2,vfl,0.0395145,0.000714,1.415,,1.000,990.3
bike,17379,17,8,0.2,vfl_uncorrected,0.0391137,0.000709,1.401,,1.000,990.3
bike,17379,17,8,0.5,trivial,0.107332,0.00129,3.844,0.107332,,
bike,17379,17,8,0.5,nonprivate,0.0279207,0.000538,1,0.0278988,,
bike,17379,17,8,0.5,ssp,0.16034,0.0508,5.743,5.1215,,
bike,17379,17,8,0.5,adassp,0.0305424,0.000609,1.094,0.0308049,,298.9
bike,17379,17,8,0.5,adassp_matched,0.0328416,0.000636,1.176,,,
bike,17379,17,8,0.5,vfl,0.0319883,0.000619,1.146,,1.000,420.2
bike,17379,17,8,0.5,vfl_uncorrected,0.031853,0.000617,1.141,,1.000,420.2
bike,17379,17,8,1,trivial,0.107332,0.00129,3.844,0.107332,,
bike,17379,17,8,1,nonprivate,0.0279207,0.000538,1,0.0278988,,
bike,17379,17,8,1,ssp,0.200701,0.12,7.188,0.0349413,,
bike,17379,17,8,1,adassp,0.0288253,0.000566,1.032,0.0287372,,149.5
bike,17379,17,8,1,adassp_matched,0.0299374,0.000587,1.072,,,
bike,17379,17,8,1,vfl,0.0295275,0.00058,1.058,,1.000,220.3
bike,17379,17,8,1,vfl_uncorrected,0.0294793,0.000579,1.056,,1.000,220.3
bike,17379,17,8,2,trivial,0.107332,0.00129,3.844,0.107332,,
bike,17379,17,8,2,nonprivate,0.0279207,0.000538,1,0.0278988,,
bike,17379,17,8,2,ssp,0.101982,0.0687,3.653,0.0282956,,
bike,17379,17,8,2,adassp,0.0281982,0.000552,1.01,0.0281492,,74.73
bike,17379,17,8,2,adassp_matched,0.0286495,0.000566,1.026,,,
bike,17379,17,8,2,vfl,0.0284956,0.000563,1.021,,1.000,116.3
bike,17379,17,8,2,vfl_uncorrected,0.0284807,0.000563,1.02,,1.000,116.3
bike,17379,17,8,5,trivial,0.107332,0.00129,3.844,0.107332,,
bike,17379,17,8,5,nonprivate,0.0279207,0.000538,1,0.0278988,,
bike,17379,17,8,5,ssp,0.0699141,0.0417,2.504,0.0279436,,
bike,17379,17,8,5,adassp,0.0279758,0.000543,1.002,0.0279513,,29.89
bike,17379,17,8,5,adassp_matched,0.0280983,0.000548,1.006,,,
bike,17379,17,8,5,vfl,0.0280573,0.000548,1.005,,1.000,51.11
bike,17379,17,8,5,vfl_uncorrected,0.0280544,0.000548,1.005,,1.000,51.11
bike,17379,17,8,10,trivial,0.107332,0.00129,3.844,0.107332,,
bike,17379,17,8,10,nonprivate,0.0279207,0.000538,1,0.0278988,,
bike,17379,17,8,10,ssp,0.0279305,0.000539,1,0.0279017,,
bike,17379,17,8,10,adassp,0.0279375,0.000541,1.001,0.0279157,,14.95
bike,17379,17,8,10,adassp_matched,0.0279854,0.000544,1.002,,,
bike,17379,17,8,10,vfl,0.0279667,0.000543,1.002,,1.000,28.22
bike,17379,17,8,10,vfl_uncorrected,0.0279659,0.000543,1.002,,1.000,28.22
elevators,16599,18,9,0.01,trivial,0.0366672,0.000261,4.226,0.0366672,,
elevators,16599,18,9,0.01,nonprivate,0.00867615,0.000179,1,0.00860985,,
elevators,16599,18,9,0.01,ssp,20604.5,2.06e+04,2.375e+06,8.04943,,
elevators,16599,18,9,0.01,adassp,0.0371389,0.000519,4.281,0.0385028,,1.547e+04
elevators,16599,18,9,0.01,adassp_matched,0.0383893,0.000331,4.425,,,
elevators,16599,18,9,0.01,vfl,0.0346635,0.000361,3.995,,1.000,1.644e+04
elevators,16599,18,9,0.01,vfl_uncorrected,0.0346939,0.000368,3.999,,1.000,1.644e+04
elevators,16599,18,9,0.02,trivial,0.0366672,0.000261,4.226,0.0366672,,
elevators,16599,18,9,0.02,nonprivate,0.00867615,0.000179,1,0.00860985,,
elevators,16599,18,9,0.02,ssp,165.432,78,1.907e+04,7.60752,,
elevators,16599,18,9,0.02,adassp,0.0333445,0.000265,3.843,0.0332978,,7737
elevators,16599,18,9,0.02,adassp_matched,0.0350563,0.0004,4.041,,,
elevators,16599,18,9,0.02,vfl,0.0318181,0.000322,3.667,,0.998,8691
elevators,16599,18,9,0.02,vfl_uncorrected,0.0317438,0.000321,3.659,,0.998,8691
elevators,16599,18,9,0.05,trivial,0.0366672,0.000261,4.226,0.0366672,,
elevators,16599,18,9,0.05,nonprivate,0.00867615,0.000179,1,0.00860985,,
elevators,16599,18,9,0.05,ssp,168.825,146,1.946e+04,0.989341,,
elevators,16599,18,9,0.05,adassp,0.0280701,0.000235,3.235,0.0272769,,3095
elevators,16599,18,9,0.05,adassp_matched,0.029913,0.000224,3.448,,,
elevators,16599,18,9,0.05,vfl,0.0276923,0.000251,3.192,,1.000,3717
elevators,16599,18,9,0.05,vfl_uncorrected,0.027569,0.00025,3.178,,1.000,3717
elevators,16599,18,9,0.1,trivial,0.0366672,0.000261,4.226,0.0366672,,
elevators,16599,18,9,0.1,nonprivate,0.00867615,0.000179,1,0.00860985,,
elevators,16599,18,9,0.1,ssp,1.22478e+06,1.22e+06,1.412e+08,2.09412,,
elevators,16599,18,9,0.1,adassp,0.024287,0.000237,2.799,0.026126,,1547
elevators,16599,18,9,0.1,adassp_matched,0.0260544,0.000257,3.003,,,
elevators,16599,18,9,0.1,vfl,0.0248504,0.000263,2.864,,0.998,1948
elevators,16599,18,9,0.1,vfl_uncorrected,0.0247258,0.000265,2.85,,0.998,1948
elevators,16599,18,9,0.2,trivial,0.0366672,0.000261,4.226,0.0366672,,
elevators,16599,18,9,0.2,nonprivate,0.00867615,0.000179,1,0.00860985,,
elevators,16599,18,9,0.2,ssp,5.63863,4.24,649.9,3.27125,,
elevators,16599,18,9,0.2,adassp,0.0208253,0.000273,2.4,0.0208588,,773.7
elevators,16599,18,9,0.2,adassp_matched,0.0228096,0.000248,2.629,,,
elevators,16599,18,9,0.2,vfl,0.0219637,0.000272,2.532,,1.000,1019
elevators,16599,18,9,0.2,vfl_uncorrected,0.0218329,0.000273,2.516,,1.000,1019
elevators,16599,18,9,0.5,trivial,0.0366672,0.000261,4.226,0.0366672,,
elevators,16599,18,9,0.5,nonprivate,0.00867615,0.000179,1,0.00860985,,
elevators,16599,18,9,0.5,ssp,41.8214,38.6,4820,0.659505,,
elevators,16599,18,9,0.5,adassp,0.0162501,0.000265,1.873,0.0167469,,309.5
elevators,16599,18,9,0.5,adassp_matched,0.0186353,0.000266,2.148,,,
elevators,16599,18,9,0.5,vfl,0.0179862,0.000219,2.073,,1.000,432.4
elevators,16599,18,9,0.5,vfl_uncorrected,0.0178458,0.000218,2.057,,1.000,432.4
elevators,16599,18,9,1,trivial,0.0366672,0.000261,4.226,0.0366672,,
elevators,16599,18,9,1,nonprivate,0.00867615,0.000179,1,0.00860985,,
elevators,16599,18,9,1,ssp,1.38444,0.568,159.6,5.85573,,
elevators,16599,18,9,1,adassp,0.0131367,0.000205,1.514,0.0131735,,154.7
elevators,16599,18,9,1,adassp_matched,0.0154326,0.000231,1.779,,,
elevators,16599,18,9,1,vfl,0.0148721,0.000215,1.714,,1.000,226.7
elevators,16599,18,9,1,vfl_uncorrected,0.0147446,0.000214,1.699,,1.000,226.7
elevators,16599,18,9,2,trivial,0.0366672,0.000261,4.226,0.0366672,,
elevators,16599,18,9,2,nonprivate,0.00867615,0.000179,1,0.00860985,,
elevators,16599,18,9,2,ssp,0.553841,0.242,63.83,0.0172578,,
elevators,16599,18,9,2,adassp,0.0107477,0.000178,1.239,0.0107524,,77.37
elevators,16599,18,9,2,adassp_matched,0.0124634,0.000201,1.437,,,
elevators,16599,18,9,2,vfl,0.0121168,0.00019,1.397,,1.000,119.7
elevators,16599,18,9,2,vfl_uncorrected,0.012025,0.000189,1.386,,1.000,119.7
elevators,16599,18,9,5,trivial,0.0366672,0.000261,4.226,0.0366672,,
elevators,16599,18,9,5,nonprivate,0.00867615,0.000179,1,0.00860985,,
elevators,16599,18,9,5,ssp,3.34641,3.19,385.7,0.0124172,,
elevators,16599,18,9,5,adassp,0.00917917,0.000152,1.058,0.00916746,,30.95
elevators,16599,18,9,5,adassp_matched,0.0100557,0.000164,1.159,,,
elevators,16599,18,9,5,vfl,0.00985337,0.000164,1.136,,1.000,52.59
elevators,16599,18,9,5,vfl_uncorrected,0.00981297,0.000163,1.131,,1.000,52.59
elevators,16599,18,9,10,trivial,0.0366672,0.000261,4.226,0.0366672,,
elevators,16599,18,9,10,nonprivate,0.00867615,0.000179,1,0.00860985,,
elevators,16599,18,9,10,ssp,0.00889416,0.000206,1.025,0.0093024,,
elevators,16599,18,9,10,adassp,0.00877893,0.000146,1.012,0.00874958,,15.47
elevators,16599,18,9,10,adassp_matched,0.00919706,0.000152,1.06,,,
elevators,16599,18,9,10,vfl,0.00910156,0.00015,1.049,,1.000,29.04
elevators,16599,18,9,10,vfl_uncorrected,0.0090842,0.000149,1.047,,1.000,29.04
pol,15000,26,13,0.01,trivial,0.344822,0.00187,2.555,0.344822,,
pol,15000,26,13,0.01,nonprivate,0.134934,0.00113,1,0.134894,,
pol,15000,26,13,0.01,ssp,178.461,72.3,1323,41.5855,,
pol,15000,26,13,0.01,adassp,0.324523,0.00138,2.405,0.326994,,1.931e+04
pol,15000,26,13,0.01,adassp_matched,0.326821,0.00178,2.422,,,
pol,15000,26,13,0.01,vfl,0.323895,0.00177,2.4,,0.998,1.976e+04
pol,15000,26,13,0.01,vfl_uncorrected,0.323121,0.00177,2.395,,0.998,1.976e+04
pol,15000,26,13,0.02,trivial,0.344822,0.00187,2.555,0.344822,,
pol,15000,26,13,0.02,nonprivate,0.134934,0.00113,1,0.134894,,
pol,15000,26,13,0.02,ssp,2041.35,1.77e+03,1.513e+04,7.45534,,
pol,15000,26,13,0.02,adassp,0.302746,0.00117,2.244,0.305586,,9653
pol,15000,26,13,0.02,adassp_matched,0.311305,0.00194,2.307,,,
pol,15000,26,13,0.02,vfl,0.305683,0.00133,2.265,,1.000,1.044e+04
pol,15000,26,13,0.02,vfl_uncorrected,0.304337,0.00131,2.255,,1.000,1.044e+04
pol,15000,26,13,0.05,trivial,0.344822,0.00187,2.555,0.344822,,
pol,15000,26,13,0.05,nonprivate,0.134934,0.00113,1,0.134894,,
pol,15000,26,13,0.05,ssp,457.831,374,3393,21.6842,,
pol,15000,26,13,0.05,adassp,0.25762,0.00133,1.909,0.265683,,3861
pol,15000,26,13,0.05,adassp_matched,0.27516,0.00121,2.039,,,
pol,15000,26,13,0.05,vfl,0.267573,0.00109,1.983,,1.000,4468
pol,15000,26,13,0.05,vfl_uncorrected,0.265484,0.00106,1.968,,1.000,4468
pol,15000,26,13,0.1,trivial,0.344822,0.00187,2.555,0.344822,,
pol,15000,26,13,0.1,nonprivate,0.134934,0.00113,1,0.134894,,
pol,15000,26,13,0.1,ssp,30.0926,6.79,223,2.03657,,
pol,15000,26,13,0.1,adassp,0.216713,0.000714,1.606,0.223616,,1931
pol,15000,26,13,0.1,adassp_matched,0.238172,0.000804,1.765,,,
pol,15000,26,13,0.1,vfl,0.230227,0.000775,1.706,,1.000,2342
pol,15000,26,13,0.1,vfl_uncorrected,0.228047,0.000754,1.69,,1.000,2342
pol,15000,26,13,0.2,trivial,0.344822,0.00187,2.555,0.344822,,
pol,15000,26,13,0.2,nonprivate,0.134934,0.00113,1,0.134894,,
pol,15000,26,13,0.2,ssp,1613.69,1.58e+03,1.196e+04,0.231761,,
pol,15000,26,13,0.2,adassp,0.179428,0.000599,1.33,0.180073,,965.3
pol,15000,26,13,0.2,adassp_matched,0.199656,0.000583,1.48,,,
pol,15000,26,13,0.2,vfl,0.192429,0.000665,1.426,,1.000,1225
pol,15000,26,13,0.2,vfl_uncorrected,0.190734,0.000667,1.414,,1.000,1225
pol,15000,26,13,0.5,trivial,0.344822,0.00187,2.555,0.344822,,
pol,15000,26,13,0.5,nonprivate,0.134934,0.00113,1,0.134894,,
pol,15000,26,13,0.5,ssp,9.43628,3.55,69.93,0.156236,,
pol,15000,26,13,0.5,adassp,0.14926,0.00078,1.106,0.149618,,386.1
pol,15000,26,13,0.5,adassp_matched,0.161395,0.000668,1.196,,,
pol,15000,26,13,0.5,vfl,0.157025,0.000712,1.164,,1.000,519.7
pol,15000,26,13,0.5,vfl_uncorrected,0.156295,0.00072,1.158,,1.000,519.7
pol,15000,26,13,1,trivial,0.344822,0.00187,2.555,0.344822,,
pol,15000,26,13,1,nonprivate,0.134934,0.00113,1,0.134894,,
pol,15000,26,13,1,ssp,3.86394,3.48,28.64,0.154909,,
pol,15000,26,13,1,adassp,0.139933,0.000946,1.037,0.139821,,193.1
pol,15000,26,13,1,adassp_matched,0.146124,0.000875,1.083,,,
pol,15000,26,13,1,vfl,0.143647,0.00087,1.065,,1.000,272.5
pol,15000,26,13,1,vfl_uncorrected,0.143377,0.000875,1.063,,1.000,272.5
pol,15000,26,13,2,trivial,0.344822,0.00187,2.555,0.344822,,
pol,15000,26,13,2,nonprivate,0.134934,0.00113,1,0.134894,,
pol,15000,26,13,2,ssp,12.5718,11.7,93.17,0.162439,,
pol,15000,26,13,2,adassp,0.136542,0.00104,1.012,0.136637,,96.53
pol,15000,26,13,2,adassp_matched,0.13907,0.000973,1.031,,,
pol,15000,26,13,2,vfl,0.138063,0.000995,1.023,,1.000,143.9
pol,15000,26,13,2,vfl_uncorrected,0.137983,0.000998,1.023,,1.000,143.9
pol,15000,26,13,5,trivial,0.344822,0.00187,2.555,0.344822,,
pol,15000,26,13,5,nonprivate,0.134934,0.00113,1,0.134894,,
pol,15000,26,13,5,ssp,0.386401,0.22,2.864,0.147381,,
pol,15000,26,13,5,adassp,0.135333,0.0011,1.003,0.135337,,38.61
pol,15000,26,13,5,adassp_matched,0.136014,0.00106,1.008,,,
pol,15000,26,13,5,vfl,0.13575,0.00107,1.006,,1.000,63.21
pol,15000,26,13,5,vfl_uncorrected,0.135737,0.00107,1.006,,1.000,63.21
pol,15000,26,13,10,trivial,0.344822,0.00187,2.555,0.344822,,
pol,15000,26,13,10,nonprivate,0.134934,0.00113,1,0.134894,,
pol,15000,26,13,10,ssp,0.144216,0.00714,1.069,0.135061,,
pol,15000,26,13,10,adassp,0.135132,0.00111,1.001,0.13511,,19.31
pol,15000,26,13,10,adassp_matched,0.135369,0.00109,1.003,,,
pol,15000,26,13,10,vfl,0.135274,0.0011,1.003,,1.000,34.9
pol,15000,26,13,10,vfl_uncorrected,0.135271,0.0011,1.002,,1.000,34.9
kin40k,40000,8,4,0.01,trivial,0.0633621,0.000631,1.002,0.0633621,,
kin40k,40000,8,4,0.01,nonprivate,0.0632479,0.000642,1,0.0632474,,
kin40k,40000,8,4,0.01,ssp,0.0711451,0.000726,1.125,0.0710528,,
kin40k,40000,8,4,0.01,adassp,0.072234,0.00067,1.142,0.074789,,9057
kin40k,40000,8,4,0.01,adassp_matched,0.0749652,0.000503,1.185,,,
kin40k,40000,8,4,0.01,vfl,0.0672297,0.000575,1.063,,1.000,1.096e+04
kin40k,40000,8,4,0.01,vfl_uncorrected,0.0674467,0.000571,1.066,,1.000,1.096e+04
kin40k,40000,8,4,0.02,trivial,0.0633621,0.000631,1.002,0.0633621,,
kin40k,40000,8,4,0.02,nonprivate,0.0632479,0.000642,1,0.0632474,,
kin40k,40000,8,4,0.02,ssp,0.0652122,0.000643,1.031,0.0649199,,
kin40k,40000,8,4,0.02,adassp,0.0709772,0.000617,1.122,0.0715474,,2634
kin40k,40000,8,4,0.02,adassp_matched,0.0751219,0.00067,1.188,,,
kin40k,40000,8,4,0.02,vfl,0.0658394,0.000626,1.041,,1.000,5794
kin40k,40000,8,4,0.02,vfl_uncorrected,0.0659225,0.000626,1.042,,1.000,5794
kin40k,40000,8,4,0.05,trivial,0.0633621,0.000631,1.002,0.0633621,,
kin40k,40000,8,4,0.05,nonprivate,0.0632479,0.000642,1,0.0632474,,
kin40k,40000,8,4,0.05,ssp,0.0635379,0.000642,1.005,0.0635176,,
kin40k,40000,8,4,0.05,adassp,0.0660963,0.000668,1.045,0.066961,,0
kin40k,40000,8,4,0.05,adassp_matched,0.0691883,0.000627,1.094,,,
kin40k,40000,8,4,0.05,vfl,0.0642209,0.000623,1.015,,1.000,2478
kin40k,40000,8,4,0.05,vfl_uncorrected,0.0642324,0.000623,1.016,,1.000,2478
kin40k,40000,8,4,0.1,trivial,0.0633621,0.000631,1.002,0.0633621,,
kin40k,40000,8,4,0.1,nonprivate,0.0632479,0.000642,1,0.0632474,,
kin40k,40000,8,4,0.1,ssp,0.0633184,0.000644,1.001,0.0633428,,
kin40k,40000,8,4,0.1,adassp,0.0639558,0.000643,1.011,0.0639298,,0
kin40k,40000,8,4,0.1,adassp_matched,0.0646763,0.000641,1.023,,,
kin40k,40000,8,4,0.1,vfl,0.0636285,0.000648,1.006,,1.000,1299
kin40k,40000,8,4,0.1,vfl_uncorrected,0.0636302,0.000648,1.006,,1.000,1299
kin40k,40000,8,4,0.2,trivial,0.0633621,0.000631,1.002,0.0633621,,
kin40k,40000,8,4,0.2,nonprivate,0.0632479,0.000642,1,0.0632474,,
kin40k,40000,8,4,0.2,ssp,0.0632676,0.000642,1,0.0632676,,
kin40k,40000,8,4,0.2,adassp,0.063422,0.000642,1.003,0.063419,,0
kin40k,40000,8,4,0.2,adassp_matched,0.0636601,0.000642,1.007,,,
kin40k,40000,8,4,0.2,vfl,0.0633758,0.000641,1.002,,1.000,679.4
kin40k,40000,8,4,0.2,vfl_uncorrected,0.063376,0.000641,1.002,,1.000,679.4
kin40k,40000,8,4,0.5,trivial,0.0633621,0.000631,1.002,0.0633621,,
kin40k,40000,8,4,0.5,nonprivate,0.0632479,0.000642,1,0.0632474,,
kin40k,40000,8,4,0.5,ssp,0.0632506,0.000642,1,0.0632489,,
kin40k,40000,8,4,0.5,adassp,0.0632773,0.000642,1,0.0632582,,0
kin40k,40000,8,4,0.5,adassp_matched,0.0633181,0.000641,1.001,,,
kin40k,40000,8,4,0.5,vfl,0.0632762,0.000642,1,,1.000,288.3
kin40k,40000,8,4,0.5,vfl_uncorrected,0.0632762,0.000642,1,,1.000,288.3
kin40k,40000,8,4,1,trivial,0.0633621,0.000631,1.002,0.0633621,,
kin40k,40000,8,4,1,nonprivate,0.0632479,0.000642,1,0.0632474,,
kin40k,40000,8,4,1,ssp,0.0632486,0.000642,1,0.0632423,,
kin40k,40000,8,4,1,adassp,0.0632556,0.000642,1,0.0632479,,0
kin40k,40000,8,4,1,adassp_matched,0.0632643,0.000642,1,,,
kin40k,40000,8,4,1,vfl,0.0632563,0.000641,1,,1.000,151.1
kin40k,40000,8,4,1,vfl_uncorrected,0.0632563,0.000641,1,,1.000,151.1
kin40k,40000,8,4,2,trivial,0.0633621,0.000631,1.002,0.0633621,,
kin40k,40000,8,4,2,nonprivate,0.0632479,0.000642,1,0.0632474,,
kin40k,40000,8,4,2,ssp,0.0632481,0.000642,1,0.0632479,,
kin40k,40000,8,4,2,adassp,0.063249,0.000642,1,0.0632497,,0
kin40k,40000,8,4,2,adassp_matched,0.0632536,0.000642,1,,,
kin40k,40000,8,4,2,vfl,0.0632505,0.000642,1,,1.000,79.8
kin40k,40000,8,4,2,vfl_uncorrected,0.0632505,0.000642,1,,1.000,79.8
kin40k,40000,8,4,5,trivial,0.0633621,0.000631,1.002,0.0633621,,
kin40k,40000,8,4,5,nonprivate,0.0632479,0.000642,1,0.0632474,,
kin40k,40000,8,4,5,ssp,0.0632479,0.000642,1,0.0632475,,
kin40k,40000,8,4,5,adassp,0.0632479,0.000642,1,0.0632494,,0
kin40k,40000,8,4,5,adassp_matched,0.0632494,0.000642,1,,,
kin40k,40000,8,4,5,vfl,0.0632483,0.000642,1,,1.000,35.06
kin40k,40000,8,4,5,vfl_uncorrected,0.0632483,0.000642,1,,1.000,35.06
kin40k,40000,8,4,10,trivial,0.0633621,0.000631,1.002,0.0633621,,
kin40k,40000,8,4,10,nonprivate,0.0632479,0.000642,1,0.0632474,,
kin40k,40000,8,4,10,ssp,0.0632479,0.000642,1,0.0632473,,
kin40k,40000,8,4,10,adassp,0.0632478,0.000642,1,0.0632457,,0
kin40k,40000,8,4,10,adassp_matched,0.0632482,0.000642,1,,,
kin40k,40000,8,4,10,vfl,0.063248,0.000642,1,,1.000,19.36
kin40k,40000,8,4,10,vfl_uncorrected,0.063248,0.000642,1,,1.000,19.36
protein,45730,9,4,0.01,trivial,0.167068,0.000764,1.405,0.167068,,
protein,45730,9,4,0.01,nonprivate,0.118948,0.000832,1,0.118932,,
protein,45730,9,4,0.01,ssp,9.95756,4,83.71,0.622202,,
protein,45730,9,4,0.01,adassp,0.146231,0.000767,1.229,0.145063,,1.011e+04
protein,45730,9,4,0.01,adassp_matched,0.148944,0.000843,1.252,,,
protein,45730,9,4,0.01,vfl,0.146175,0.000635,1.229,,1.000,1.163e+04
protein,45730,9,4,0.01,vfl_uncorrected,0.14595,0.000631,1.227,,1.000,1.163e+04
protein,45730,9,4,0.02,trivial,0.167068,0.000764,1.405,0.167068,,
protein,45730,9,4,0.02,nonprivate,0.118948,0.000832,1,0.118932,,
protein,45730,9,4,0.02,ssp,94.3586,76.9,793.3,0.173307,,
protein,45730,9,4,0.02,adassp,0.138251,0.000691,1.162,0.134752,,5054
protein,45730,9,4,0.02,adassp_matched,0.141448,0.000703,1.189,,,
protein,45730,9,4,0.02,vfl,0.139286,0.000712,1.171,,1.000,6145
protein,45730,9,4,0.02,vfl_uncorrected,0.139076,0.000712,1.169,,1.000,6145
protein,45730,9,4,0.05,trivial,0.167068,0.000764,1.405,0.167068,,
protein,45730,9,4,0.05,nonprivate,0.118948,0.000832,1,0.118932,,
protein,45730,9,4,0.05,ssp,0.786698,0.243,6.614,0.373353,,
protein,45730,9,4,0.05,adassp,0.130312,0.00065,1.096,0.129226,,2022
protein,45730,9,4,0.05,adassp_matched,0.132724,0.000612,1.116,,,
protein,45730,9,4,0.05,vfl,0.131974,0.000668,1.11,,1.000,2629
protein,45730,9,4,0.05,vfl_uncorrected,0.131813,0.00067,1.108,,1.000,2629
protein,45730,9,4,0.1,trivial,0.167068,0.000764,1.405,0.167068,,
protein,45730,9,4,0.1,nonprivate,0.118948,0.000832,1,0.118932,,
protein,45730,9,4,0.1,ssp,1.02361,0.568,8.606,1.52985,,
protein,45730,9,4,0.1,adassp,0.125938,0.000641,1.059,0.125882,,1011
protein,45730,9,4,0.1,adassp_matched,0.128218,0.000689,1.078,,,
protein,45730,9,4,0.1,vfl,0.127633,0.00067,1.073,,1.000,1378
protein,45730,9,4,0.1,vfl_uncorrected,0.127519,0.000671,1.072,,1.000,1378
protein,45730,9,4,0.2,trivial,0.167068,0.000764,1.405,0.167068,,
protein,45730,9,4,0.2,nonprivate,0.118948,0.000832,1,0.118932,,
protein,45730,9,4,0.2,ssp,6.06504,3.29,50.99,0.122556,,
protein,45730,9,4,0.2,adassp,0.122849,0.000706,1.033,0.122813,,505.4
protein,45730,9,4,0.2,adassp_matched,0.12465,0.00066,1.048,,,
protein,45730,9,4,0.2,vfl,0.124179,0.000699,1.044,,1.000,720.6
protein,45730,9,4,0.2,vfl_uncorrected,0.124111,0.0007,1.043,,1.000,720.6
protein,45730,9,4,0.5,trivial,0.167068,0.000764,1.405,0.167068,,
protein,45730,9,4,0.5,nonprivate,0.118948,0.000832,1,0.118932,,
protein,45730,9,4,0.5,ssp,0.152968,0.0275,1.286,0.119121,,
protein,45730,9,4,0.5,adassp,0.120662,0.000784,1.014,0.120621,,202.2
protein,45730,9,4,0.5,adassp_matched,0.121626,0.000733,1.023,,,
protein,45730,9,4,0.5,vfl,0.121416,0.000746,1.021,,1.000,305.8
protein,45730,9,4,0.5,vfl_uncorrected,0.121393,0.000747,1.021,,1.000,305.8
protein,45730,9,4,1,trivial,0.167068,0.000764,1.405,0.167068,,
protein,45730,9,4,1,nonprivate,0.118948,0.000832,1,0.118932,,
protein,45730,9,4,1,ssp,0.11906,0.000834,1.001,0.119024,,
protein,45730,9,4,1,adassp,0.119837,0.000811,1.007,0.119931,,101
protein,45730,9,4,1,adassp_matched,0.120397,0.000784,1.012,,,
protein,45730,9,4,1,vfl,0.120304,0.000795,1.011,,1.000,160.3
protein,45730,9,4,1,vfl_uncorrected,0.120294,0.000795,1.011,,1.000,160.3
protein,45730,9,4,2,trivial,0.167068,0.000764,1.405,0.167068,,
protein,45730,9,4,2,nonprivate,0.118948,0.000832,1,0.118932,,
protein,45730,9,4,2,ssp,0.118972,0.000832,1,0.118964,,
protein,45730,9,4,2,adassp,0.119375,0.000829,1.004,0.119374,,50.25
protein,45730,9,4,2,adassp_matched,0.119734,0.000813,1.007,,,
protein,45730,9,4,2,vfl,0.119671,0.000819,1.006,,1.000,84.64
protein,45730,9,4,2,vfl_uncorrected,0.119666,0.000819,1.006,,1.000,84.64
protein,45730,9,4,5,trivial,0.167068,0.000764,1.405,0.167068,,
protein,45730,9,4,5,nonprivate,0.118948,0.000832,1,0.118932,,
protein,45730,9,4,5,ssp,0.118951,0.000832,1,0.118938,,
protein,45730,9,4,5,adassp,0.119034,0.000833,1.001,0.119033,,13.16
protein,45730,9,4,5,adassp_matched,0.119214,0.000831,1.002,,,
protein,45730,9,4,5,vfl,0.119242,0.00083,1.002,,1.000,37.19
protein,45730,9,4,5,vfl_uncorrected,0.11924,0.00083,1.002,,1.000,37.19
protein,45730,9,4,10,trivial,0.167068,0.000764,1.405,0.167068,,
protein,45730,9,4,10,nonprivate,0.118948,0.000832,1,0.118932,,
protein,45730,9,4,10,ssp,0.118949,0.000832,1,0.118928,,
protein,45730,9,4,10,adassp,0.118954,0.000831,1,0.118934,,0.04551
protein,45730,9,4,10,adassp_matched,0.119009,0.000832,1.001,,,
protein,45730,9,4,10,vfl,0.119081,0.000832,1.001,,1.000,20.53
protein,45730,9,4,10,vfl_uncorrected,0.11908,0.000832,1.001,,1.000,20.53
